Time,EcoregionName,EcoregionIndex,TAP,MAT,BeginGrow,EndGrow,PDSI,
1980, Clay3, 0, 53.32, 9.52, 98, 269, 0, 
1981, Clay3, 0, 53.32, 9.55, 98, 269, 0, 
1982, Clay3, 0, 88.31, 8.13, 110, 262, 0, 
1983, Clay3, 0, 84.76, 8.51, 119, 279, 0, 
1984, Clay3, 0, 50.41, 8.59, 110, 262, 0, 
1985, Clay3, 0, 65.13, 8.63, 98, 286, 0, 
1986, Clay3, 0, 61.66, 9.08, 97, 265, 0, 
1987, Clay3, 0, 56.9, 8.39, 102, 291, 0, 
1988, Clay3, 0, 51.59, 8.97, 106, 291, 0, 
1989, Clay3, 0, 32.54, 9.6, 87, 275, 0, 
1990, Clay3, 0, 59.48, 8.69, 95, 270, 0, 
1991, Clay3, 0, 61.77, 8.63, 116, 283, 0, 
1992, Clay3, 0, 84.83, 8.61, 93, 285, 0, 
1993, Clay3, 0, 88.76, 8.87, 101, 278, 0, 
1994, Clay3, 0, 49.42, 9.2, 101, 265, 0, 
1995, Clay3, 0, 66.15, 9.49, 114, 268, 0, 
1996, Clay3, 0, 33.61, 9.93, 104, 270, 0, 
1997, Clay3, 0, 58.17, 9.07, 108, 266, 0, 
1998, Clay3, 0, 73.04, 8.38, 120, 268, 0, 
1999, Clay3, 0, 45.47, 9.36, 116, 272, 0, 
2000, Clay3, 0, 49.92, 9.88, 96, 276, 0, 
2001, Clay3, 0, 47.32, 9.61, 101, 285, 0, 
2002, Clay3, 0, 30.04, 9.7, 97, 270, 0, 
2003, Clay3, 0, 48.81, 10.13, 110, 291, 0, 
2004, Clay3, 0, 72.73, 9.18, 79, 276, 0, 
2005, Clay3, 0, 69.11, 9.61, 105, 282, 0, 
2006, Clay3, 0, 35.39, 9.59, 103, 277, 0, 
2007, Clay3, 0, 45.69, 9.9, 98, 274, 0, 
2008, Clay3, 0, 68.33, 9.35, 110, 274, 0, 
2009, Clay3, 0, 35.08, 9.53, 107, 266, 0, 
2010, Clay3, 0, 67.02, 9.97, 111, 262, 0, 
2011, Clay3, 0, 66.97, 10.11, 94, 262, 0, 
2012, Clay3, 0, 66.68, 9.5, 112, 272, 0, 
2013, Clay3, 0, 83.68, 9.64, 105, 265, 0, 
2014, Clay3, 0, 100.76, 9.37, 109, 260, 0, 
2015, Clay3, 0, 46.21, 10.03, 98, 260, 0, 
2016, Clay3, 0, 85.81, 10.03, 110, 272, 0, 
2017, Clay3, 0, 58.36, 10.04, 98, 260, 0, 
2018, Clay3, 0, 72.87, 9.82, 103, 264, 0, 
2019, Clay3, 0, 63.91, 10.14, 109, 289, 0, 
2020, Clay3, 0, 57.56, 9.8, 110, 269, 0, 
2021, Clay3, 0, 80.89, 9.68, 101, 270, 0, 
2022, Clay3, 0, 82.74, 10.27, 112, 274, 0, 
2023, Clay3, 0, 108.39, 9.48, 112, 262, 0, 
2024, Clay3, 0, 45.85, 10.3, 96, 272, 0, 
2025, Clay3, 0, 85.96, 9.92, 117, 274, 0, 
2026, Clay3, 0, 113.32, 10.88, 97, 291, 0, 
2027, Clay3, 0, 54.64, 9.51, 133, 257, 0, 
2028, Clay3, 0, 34.12, 10.96, 113, 289, 0, 
2029, Clay3, 0, 63.7, 10.74, 113, 269, 0, 
2030, Clay3, 0, 56.61, 10.36, 119, 285, 0, 
2031, Clay3, 0, 106.38, 9.16, 111, 260, 0, 
2032, Clay3, 0, 120.92, 10.01, 108, 291, 0, 
2033, Clay3, 0, 81.92, 11.29, 110, 271, 0, 
2034, Clay3, 0, 46.26, 9.96, 99, 271, 0, 
2035, Clay3, 0, 56.72, 10.03, 120, 263, 0, 
2036, Clay3, 0, 86.02, 10.17, 102, 260, 0, 
2037, Clay3, 0, 44.59, 12.33, 77, 264, 0, 
2038, Clay3, 0, 64.04, 11.66, 111, 269, 0, 
2039, Clay3, 0, 76.07, 11.4, 90, 275, 0, 
2040, Clay3, 0, 42.01, 11.08, 91, 291, 0, 
2041, Clay3, 0, 55.33, 11.12, 112, 291, 0, 
2042, Clay3, 0, 59.08, 10.63, 104, 288, 0, 
2043, Clay3, 0, 87.19, 11.49, 77, 267, 0, 
2044, Clay3, 0, 58.74, 11.93, 108, 275, 0, 
2045, Clay3, 0, 32.79, 11.22, 95, 292, 0, 
2046, Clay3, 0, 33.93, 12.21, 104, 267, 0, 
2047, Clay3, 0, 52.07, 11.29, 99, 275, 0, 
2048, Clay3, 0, 74.7, 11.11, 116, 268, 0, 
2049, Clay3, 0, 101.85, 11.94, 72, 286, 0, 
2050, Clay3, 0, 78.39, 11.73, 89, 294, 0, 
2051, Clay3, 0, 66.3, 12.14, 91, 273, 0, 
2052, Clay3, 0, 89.06, 12.39, 79, 268, 0, 
2053, Clay3, 0, 114.93, 11.81, 72, 291, 0, 
2054, Clay3, 0, 66.68, 12.48, 107, 275, 0, 
2055, Clay3, 0, 70.82, 11.14, 89, 283, 0, 
2056, Clay3, 0, 75.14, 11.56, 93, 291, 0, 
2057, Clay3, 0, 47.58, 11.99, 77, 291, 0, 
2058, Clay3, 0, 47.46, 13.24, 85, 273, 0, 
2059, Clay3, 0, 48.76, 12.95, 110, 280, 0, 
2060, Clay3, 0, 46.01, 12.63, 104, 280, 0, 
2061, Clay3, 0, 39.26, 12.55, 109, 291, 0, 
2062, Clay3, 0, 50.87, 12.43, 113, 291, 0, 
2063, Clay3, 0, 29.98, 13.83, 78, 289, 0, 
2064, Clay3, 0, 36.42, 13.54, 81, 275, 0, 
2065, Clay3, 0, 37.41, 12.96, 114, 286, 0, 
2066, Clay3, 0, 41.77, 13.48, 109, 289, 0, 
2067, Clay3, 0, 40.49, 13.97, 62, 293, 0, 
2068, Clay3, 0, 69.71, 12.85, 84, 291, 0, 
2069, Clay3, 0, 64.85, 13.1, 92, 296, 0, 
2070, Clay3, 0, 47.32, 12.77, 85, 269, 0, 
2071, Clay3, 0, 38.64, 14.18, 38, 306, 0, 
2072, Clay3, 0, 46.79, 14.01, 108, 299, 0, 
2073, Clay3, 0, 81.48, 13.05, 78, 276, 0, 
2074, Clay3, 0, 50.44, 13.78, 90, 291, 0, 
2075, Clay3, 0, 38.17, 14.56, 93, 291, 0, 
2076, Clay3, 0, 27.56, 14.44, 67, 272, 0, 
2077, Clay3, 0, 32.53, 14.36, 110, 284, 0, 
2078, Clay3, 0, 35.64, 14.71, 91, 293, 0, 
2079, Clay3, 0, 40.07, 14.63, 93, 282, 0, 
1980, Clay2, 1, 45.79, 9.13, 105, 266, 0, 
1981, Clay2, 1, 45.79, 9.15, 105, 266, 0, 
1982, Clay2, 1, 64.87, 7.75, 117, 260, 0, 
1983, Clay2, 1, 64.32, 8.2, 126, 274, 0, 
1984, Clay2, 1, 40.11, 8.2, 115, 260, 0, 
1985, Clay2, 1, 50.45, 8.24, 105, 280, 0, 
1986, Clay2, 1, 48.86, 8.7, 108, 260, 0, 
1987, Clay2, 1, 52.42, 7.99, 109, 291, 0, 
1988, Clay2, 1, 40.64, 8.56, 115, 291, 0, 
1989, Clay2, 1, 26.01, 9.14, 96, 268, 0, 
1990, Clay2, 1, 51.65, 8.3, 101, 264, 0, 
1991, Clay2, 1, 49.68, 8.2, 125, 276, 0, 
1992, Clay2, 1, 72.21, 8.24, 101, 279, 0, 
1993, Clay2, 1, 70.97, 8.47, 110, 273, 0, 
1994, Clay2, 1, 40.05, 8.79, 111, 261, 0, 
1995, Clay2, 1, 50.83, 9.06, 120, 262, 0, 
1996, Clay2, 1, 26.99, 9.52, 111, 264, 0, 
1997, Clay2, 1, 46.46, 8.65, 112, 263, 0, 
1998, Clay2, 1, 55.5, 7.98, 126, 264, 0, 
1999, Clay2, 1, 36.28, 8.93, 121, 265, 0, 
2000, Clay2, 1, 35.93, 9.5, 103, 273, 0, 
2001, Clay2, 1, 35.01, 9.22, 108, 279, 0, 
2002, Clay2, 1, 20.98, 9.3, 102, 267, 0, 
2003, Clay2, 1, 35.04, 9.76, 115, 291, 0, 
2004, Clay2, 1, 56.64, 8.79, 105, 273, 0, 
2005, Clay2, 1, 58.9, 9.21, 111, 277, 0, 
2006, Clay2, 1, 34.93, 9.18, 108, 271, 0, 
2007, Clay2, 1, 35.78, 9.49, 108, 269, 0, 
2008, Clay2, 1, 55.99, 8.94, 119, 267, 0, 
2009, Clay2, 1, 26.93, 9.09, 111, 262, 0, 
2010, Clay2, 1, 56.56, 10.25, 108, 263, 0, 
2011, Clay2, 1, 55.05, 10.42, 90, 264, 0, 
2012, Clay2, 1, 58.33, 9.77, 111, 272, 0, 
2013, Clay2, 1, 67.16, 9.97, 102, 266, 0, 
2014, Clay2, 1, 85.21, 9.66, 109, 260, 0, 
2015, Clay2, 1, 40, 10.38, 96, 261, 0, 
2016, Clay2, 1, 70.36, 10.37, 109, 274, 0, 
2017, Clay2, 1, 49.3, 10.38, 95, 260, 0, 
2018, Clay2, 1, 63.25, 10.16, 100, 265, 0, 
2019, Clay2, 1, 54.85, 10.48, 107, 290, 0, 
2020, Clay2, 1, 50.13, 10.14, 107, 270, 0, 
2021, Clay2, 1, 68.59, 10.02, 98, 274, 0, 
2022, Clay2, 1, 67.2, 10.59, 110, 275, 0, 
2023, Clay2, 1, 90.91, 9.78, 110, 264, 0, 
2024, Clay2, 1, 39.21, 10.56, 94, 274, 0, 
2025, Clay2, 1, 74.81, 10.28, 114, 276, 0, 
2026, Clay2, 1, 92.96, 11.22, 94, 291, 0, 
2027, Clay2, 1, 48.36, 9.84, 131, 276, 0, 
2028, Clay2, 1, 30.24, 11.23, 113, 291, 0, 
2029, Clay2, 1, 53.64, 11.02, 111, 270, 0, 
2030, Clay2, 1, 51.5, 10.63, 118, 286, 0, 
2031, Clay2, 1, 90.91, 9.47, 109, 260, 0, 
2032, Clay2, 1, 98.63, 10.35, 106, 291, 0, 
2033, Clay2, 1, 71.76, 11.58, 109, 272, 0, 
2034, Clay2, 1, 39.93, 10.27, 98, 272, 0, 
2035, Clay2, 1, 47.82, 10.33, 119, 263, 0, 
2036, Clay2, 1, 73.74, 10.47, 100, 260, 0, 
2037, Clay2, 1, 39.47, 12.64, 75, 265, 0, 
2038, Clay2, 1, 55.54, 11.99, 109, 270, 0, 
2039, Clay2, 1, 61.71, 11.73, 88, 277, 0, 
2040, Clay2, 1, 36.58, 11.38, 90, 291, 0, 
2041, Clay2, 1, 45.97, 11.45, 112, 291, 0, 
2042, Clay2, 1, 49, 10.92, 103, 289, 0, 
2043, Clay2, 1, 75.69, 11.77, 72, 267, 0, 
2044, Clay2, 1, 51.17, 12.27, 106, 277, 0, 
2045, Clay2, 1, 29.93, 11.53, 85, 293, 0, 
2046, Clay2, 1, 29.59, 12.51, 98, 269, 0, 
2047, Clay2, 1, 48.67, 11.59, 98, 275, 0, 
2048, Clay2, 1, 66.36, 11.46, 115, 269, 0, 
2049, Clay2, 1, 80.23, 12.26, 70, 288, 0, 
2050, Clay2, 1, 66.39, 12.01, 84, 293, 0, 
2051, Clay2, 1, 58.68, 12.45, 90, 274, 0, 
2052, Clay2, 1, 75.82, 12.72, 77, 269, 0, 
2053, Clay2, 1, 98.56, 12.15, 70, 291, 0, 
2054, Clay2, 1, 59.06, 12.82, 106, 277, 0, 
2055, Clay2, 1, 63.24, 11.42, 87, 282, 0, 
2056, Clay2, 1, 64.75, 11.85, 86, 291, 0, 
2057, Clay2, 1, 42.84, 12.29, 74, 291, 0, 
2058, Clay2, 1, 42.51, 13.56, 84, 274, 0, 
2059, Clay2, 1, 43.44, 13.22, 109, 281, 0, 
2060, Clay2, 1, 38.82, 12.93, 104, 280, 0, 
2061, Clay2, 1, 35.57, 12.81, 110, 291, 0, 
2062, Clay2, 1, 45.59, 12.74, 112, 291, 0, 
2063, Clay2, 1, 24.82, 14.2, 75, 313, 0, 
2064, Clay2, 1, 31.5, 13.87, 74, 276, 0, 
2065, Clay2, 1, 30.18, 13.3, 113, 287, 0, 
2066, Clay2, 1, 36.62, 13.79, 108, 290, 0, 
2067, Clay2, 1, 38.47, 14.29, 61, 295, 0, 
2068, Clay2, 1, 61.87, 13.18, 78, 291, 0, 
2069, Clay2, 1, 59.81, 13.41, 90, 296, 0, 
2070, Clay2, 1, 40.46, 13.06, 82, 270, 0, 
2071, Clay2, 1, 33.66, 14.44, 37, 305, 0, 
2072, Clay2, 1, 44.77, 14.33, 108, 300, 0, 
2073, Clay2, 1, 70.84, 13.36, 75, 276, 0, 
2074, Clay2, 1, 43.53, 14.11, 86, 291, 0, 
2075, Clay2, 1, 34.93, 14.89, 89, 291, 0, 
2076, Clay2, 1, 23.81, 14.76, 64, 274, 0, 
2077, Clay2, 1, 26.68, 14.67, 110, 283, 0, 
2078, Clay2, 1, 32.81, 15.01, 89, 294, 0, 
2079, Clay2, 1, 34.38, 14.91, 90, 283, 0, 
1980, Clay1, 2, 29.6, 8.95, 109, 265, 0, 
1981, Clay1, 2, 29.6, 8.97, 109, 265, 0, 
1982, Clay1, 2, 43.82, 7.45, 121, 260, 0, 
1983, Clay1, 2, 45.09, 7.95, 130, 272, 0, 
1984, Clay1, 2, 27.9, 7.94, 117, 260, 0, 
1985, Clay1, 2, 36.99, 8.04, 109, 277, 0, 
1986, Clay1, 2, 33.79, 8.57, 113, 258, 0, 
1987, Clay1, 2, 42.47, 7.87, 112, 291, 0, 
1988, Clay1, 2, 31.98, 8.38, 118, 259, 0, 
1989, Clay1, 2, 16.19, 8.89, 99, 265, 0, 
1990, Clay1, 2, 38.28, 8.18, 103, 264, 0, 
1991, Clay1, 2, 31.06, 8.02, 129, 275, 0, 
1992, Clay1, 2, 50.02, 8.1, 102, 279, 0, 
1993, Clay1, 2, 48.33, 8.19, 114, 271, 0, 
1994, Clay1, 2, 31.97, 8.67, 113, 261, 0, 
1995, Clay1, 2, 40.12, 8.87, 124, 262, 0, 
1996, Clay1, 2, 20.84, 9.35, 113, 263, 0, 
1997, Clay1, 2, 34.5, 8.51, 114, 263, 0, 
1998, Clay1, 2, 40.14, 7.85, 127, 263, 0, 
1999, Clay1, 2, 31.41, 8.73, 124, 265, 0, 
2000, Clay1, 2, 28.06, 9.34, 105, 273, 0, 
2001, Clay1, 2, 29.19, 9.06, 110, 276, 0, 
2002, Clay1, 2, 17.74, 9.13, 104, 266, 0, 
2003, Clay1, 2, 29.83, 9.58, 116, 291, 0, 
2004, Clay1, 2, 50.89, 8.61, 108, 272, 0, 
2005, Clay1, 2, 45.16, 9.04, 114, 277, 0, 
2006, Clay1, 2, 28.84, 8.96, 110, 269, 0, 
2007, Clay1, 2, 30.43, 9.4, 110, 267, 0, 
2008, Clay1, 2, 43.52, 8.71, 123, 266, 0, 
2009, Clay1, 2, 23.94, 8.89, 112, 261, 0, 
2010, Clay1, 2, 38.42, 10.22, 103, 264, 0, 
2011, Clay1, 2, 41.25, 10.42, 86, 263, 0, 
2012, Clay1, 2, 47.38, 9.83, 110, 275, 0, 
2013, Clay1, 2, 47.37, 10.04, 99, 266, 0, 
2014, Clay1, 2, 62.54, 9.75, 111, 262, 0, 
2015, Clay1, 2, 28.83, 10.49, 93, 263, 0, 
2016, Clay1, 2, 46.02, 10.51, 105, 273, 0, 
2017, Clay1, 2, 38.63, 10.34, 95, 260, 0, 
2018, Clay1, 2, 50.56, 10.16, 99, 265, 0, 
2019, Clay1, 2, 39.67, 10.61, 105, 291, 0, 
2020, Clay1, 2, 38.48, 10.2, 101, 271, 0, 
2021, Clay1, 2, 43.55, 10.18, 95, 274, 0, 
2022, Clay1, 2, 48.38, 10.51, 108, 274, 0, 
2023, Clay1, 2, 55.38, 9.89, 108, 263, 0, 
2024, Clay1, 2, 28.23, 10.57, 93, 276, 0, 
2025, Clay1, 2, 55.24, 10.37, 111, 276, 0, 
2026, Clay1, 2, 64.97, 11.34, 91, 291, 0, 
2027, Clay1, 2, 40.04, 9.88, 124, 277, 0, 
2028, Clay1, 2, 21.81, 11.14, 113, 290, 0, 
2029, Clay1, 2, 39.71, 11.04, 105, 269, 0, 
2030, Clay1, 2, 42.92, 10.56, 118, 286, 0, 
2031, Clay1, 2, 71, 9.51, 107, 260, 0, 
2032, Clay1, 2, 70.61, 10.44, 105, 291, 0, 
2033, Clay1, 2, 58.2, 11.5, 110, 275, 0, 
2034, Clay1, 2, 33.98, 10.36, 92, 273, 0, 
2035, Clay1, 2, 38.24, 10.4, 115, 266, 0, 
2036, Clay1, 2, 49.83, 10.61, 98, 260, 0, 
2037, Clay1, 2, 26.64, 12.7, 74, 267, 0, 
2038, Clay1, 2, 40.15, 11.95, 107, 271, 0, 
2039, Clay1, 2, 41.93, 11.76, 87, 278, 0, 
2040, Clay1, 2, 27.78, 11.36, 94, 291, 0, 
2041, Clay1, 2, 34.46, 11.51, 113, 291, 0, 
2042, Clay1, 2, 35.59, 10.91, 103, 289, 0, 
2043, Clay1, 2, 53.83, 11.8, 71, 268, 0, 
2044, Clay1, 2, 34.66, 12.3, 74, 278, 0, 
2045, Clay1, 2, 24.59, 11.56, 79, 291, 0, 
2046, Clay1, 2, 24.34, 12.49, 97, 271, 0, 
2047, Clay1, 2, 38.37, 11.51, 101, 277, 0, 
2048, Clay1, 2, 50.31, 11.54, 107, 269, 0, 
2049, Clay1, 2, 54.79, 12.4, 69, 290, 0, 
2050, Clay1, 2, 53.79, 12.06, 76, 292, 0, 
2051, Clay1, 2, 49.64, 12.44, 89, 273, 0, 
2052, Clay1, 2, 53.5, 12.83, 77, 271, 0, 
2053, Clay1, 2, 79.56, 12.28, 68, 291, 0, 
2054, Clay1, 2, 48.29, 12.87, 57, 281, 0, 
2055, Clay1, 2, 49.33, 11.53, 85, 282, 0, 
2056, Clay1, 2, 48.56, 12.16, 73, 291, 0, 
2057, Clay1, 2, 35.18, 12.45, 74, 291, 0, 
2058, Clay1, 2, 30.32, 13.57, 84, 275, 0, 
2059, Clay1, 2, 36.38, 13.2, 109, 285, 0, 
2060, Clay1, 2, 31.26, 12.93, 104, 280, 0, 
2061, Clay1, 2, 25.36, 12.84, 110, 291, 0, 
2062, Clay1, 2, 31.51, 12.76, 109, 291, 0, 
2063, Clay1, 2, 20.05, 14.2, 73, 287, 0, 
2064, Clay1, 2, 23.78, 13.87, 78, 276, 0, 
2065, Clay1, 2, 24.03, 13.3, 112, 285, 0, 
2066, Clay1, 2, 29.59, 13.81, 107, 287, 0, 
2067, Clay1, 2, 29.73, 14.3, 64, 293, 0, 
2068, Clay1, 2, 47.28, 13.32, 72, 291, 0, 
2069, Clay1, 2, 48.49, 13.47, 89, 296, 0, 
2070, Clay1, 2, 30.84, 13.14, 78, 270, 0, 
2071, Clay1, 2, 25.73, 14.29, 42, 303, 0, 
2072, Clay1, 2, 47.17, 14.31, 106, 299, 0, 
2073, Clay1, 2, 55.86, 13.47, 73, 276, 0, 
2074, Clay1, 2, 35.18, 14.3, 79, 291, 0, 
2075, Clay1, 2, 27.5, 14.92, 88, 291, 0, 
2076, Clay1, 2, 22.08, 14.73, 67, 275, 0, 
2077, Clay1, 2, 20.04, 14.7, 108, 281, 0, 
2078, Clay1, 2, 29.29, 15.05, 87, 294, 0, 
2079, Clay1, 2, 27.38, 14.95, 88, 283, 0, 
1980, ClayLoam3, 3, 53, 9.05, 101, 268, 0, 
1981, ClayLoam3, 3, 53, 9.07, 101, 268, 0, 
1982, ClayLoam3, 3, 82.07, 7.66, 113, 261, 0, 
1983, ClayLoam3, 3, 79.28, 8.06, 122, 277, 0, 
1984, ClayLoam3, 3, 48.03, 8.11, 112, 261, 0, 
1985, ClayLoam3, 3, 63.56, 8.15, 101, 282, 0, 
1986, ClayLoam3, 3, 60.31, 8.61, 103, 263, 0, 
1987, ClayLoam3, 3, 59.72, 7.91, 104, 291, 0, 
1988, ClayLoam3, 3, 49.98, 8.49, 110, 291, 0, 
1989, ClayLoam3, 3, 32.34, 9.1, 91, 272, 0, 
1990, ClayLoam3, 3, 60.21, 8.22, 98, 268, 0, 
1991, ClayLoam3, 3, 60.32, 8.16, 120, 281, 0, 
1992, ClayLoam3, 3, 84.98, 8.14, 97, 282, 0, 
1993, ClayLoam3, 3, 86.4, 8.4, 105, 275, 0, 
1994, ClayLoam3, 3, 48.78, 8.73, 106, 264, 0, 
1995, ClayLoam3, 3, 63.87, 9.01, 117, 267, 0, 
1996, ClayLoam3, 3, 33.53, 9.46, 107, 268, 0, 
1997, ClayLoam3, 3, 58.05, 8.59, 110, 265, 0, 
1998, ClayLoam3, 3, 68.45, 7.91, 123, 266, 0, 
1999, ClayLoam3, 3, 44.6, 8.89, 118, 270, 0, 
2000, ClayLoam3, 3, 45.26, 9.42, 100, 274, 0, 
2001, ClayLoam3, 3, 44.5, 9.13, 105, 283, 0, 
2002, ClayLoam3, 3, 27.95, 9.23, 99, 269, 0, 
2003, ClayLoam3, 3, 47.01, 9.66, 112, 291, 0, 
2004, ClayLoam3, 3, 69.17, 8.7, 94, 274, 0, 
2005, ClayLoam3, 3, 67.71, 9.14, 108, 279, 0, 
2006, ClayLoam3, 3, 38.82, 9.12, 106, 275, 0, 
2007, ClayLoam3, 3, 44.47, 9.42, 104, 272, 0, 
2008, ClayLoam3, 3, 68.7, 8.87, 113, 271, 0, 
2009, ClayLoam3, 3, 33.46, 9.04, 109, 264, 0, 
2010, ClayLoam3, 3, 67.31, 9.52, 114, 261, 0, 
2011, ClayLoam3, 3, 67.35, 9.66, 97, 261, 0, 
2012, ClayLoam3, 3, 67.71, 9.05, 114, 270, 0, 
2013, ClayLoam3, 3, 83.64, 9.19, 110, 264, 0, 
2014, ClayLoam3, 3, 101.48, 8.92, 111, 260, 0, 
2015, ClayLoam3, 3, 47.03, 9.6, 100, 260, 0, 
2016, ClayLoam3, 3, 86.36, 9.59, 112, 270, 0, 
2017, ClayLoam3, 3, 59.03, 9.6, 100, 260, 0, 
2018, ClayLoam3, 3, 73.68, 9.38, 106, 262, 0, 
2019, ClayLoam3, 3, 65.37, 9.7, 111, 286, 0, 
2020, ClayLoam3, 3, 58.63, 9.36, 113, 267, 0, 
2021, ClayLoam3, 3, 81.62, 9.24, 104, 268, 0, 
2022, ClayLoam3, 3, 82.8, 9.82, 114, 272, 0, 
2023, ClayLoam3, 3, 109.26, 9.03, 115, 260, 0, 
2024, ClayLoam3, 3, 46.27, 9.85, 99, 271, 0, 
2025, ClayLoam3, 3, 86.75, 9.48, 119, 273, 0, 
2026, ClayLoam3, 3, 113.96, 10.44, 99, 291, 0, 
2027, ClayLoam3, 3, 56.07, 9.07, 135, 255, 0, 
2028, ClayLoam3, 3, 34.72, 10.5, 115, 286, 0, 
2029, ClayLoam3, 3, 64.6, 10.28, 115, 267, 0, 
2030, ClayLoam3, 3, 57.83, 9.9, 123, 283, 0, 
2031, ClayLoam3, 3, 107.63, 8.71, 113, 260, 0, 
2032, ClayLoam3, 3, 121.14, 9.57, 110, 291, 0, 
2033, ClayLoam3, 3, 82.73, 10.84, 112, 269, 0, 
2034, ClayLoam3, 3, 46.65, 9.52, 102, 269, 0, 
2035, ClayLoam3, 3, 57.37, 9.58, 122, 261, 0, 
2036, ClayLoam3, 3, 87.1, 9.72, 105, 260, 0, 
2037, ClayLoam3, 3, 45.38, 11.88, 79, 263, 0, 
2038, ClayLoam3, 3, 64.83, 11.22, 113, 268, 0, 
2039, ClayLoam3, 3, 76.7, 10.96, 91, 273, 0, 
2040, ClayLoam3, 3, 42.59, 10.63, 94, 291, 0, 
2041, ClayLoam3, 3, 55.97, 10.67, 113, 291, 0, 
2042, ClayLoam3, 3, 59.39, 10.17, 106, 286, 0, 
2043, ClayLoam3, 3, 88.61, 11.04, 86, 266, 0, 
2044, ClayLoam3, 3, 59.36, 11.49, 110, 274, 0, 
2045, ClayLoam3, 3, 33.4, 10.78, 105, 290, 0, 
2046, ClayLoam3, 3, 34.47, 11.76, 107, 266, 0, 
2047, ClayLoam3, 3, 52.71, 10.84, 103, 273, 0, 
2048, ClayLoam3, 3, 75.82, 10.67, 118, 267, 0, 
2049, ClayLoam3, 3, 102.08, 11.5, 74, 284, 0, 
2050, ClayLoam3, 3, 79.23, 11.28, 95, 292, 0, 
2051, ClayLoam3, 3, 67.06, 11.7, 94, 271, 0, 
2052, ClayLoam3, 3, 89.91, 11.95, 81, 267, 0, 
2053, ClayLoam3, 3, 115.7, 11.37, 77, 291, 0, 
2054, ClayLoam3, 3, 67.74, 12.04, 110, 274, 0, 
2055, ClayLoam3, 3, 72.62, 10.7, 92, 281, 0, 
2056, ClayLoam3, 3, 75.82, 11.12, 101, 291, 0, 
2057, ClayLoam3, 3, 48.21, 11.55, 80, 291, 0, 
2058, ClayLoam3, 3, 48.01, 12.8, 87, 272, 0, 
2059, ClayLoam3, 3, 50.05, 12.5, 112, 279, 0, 
2060, ClayLoam3, 3, 46.77, 12.18, 106, 278, 0, 
2061, ClayLoam3, 3, 39.74, 12.11, 111, 291, 0, 
2062, ClayLoam3, 3, 52.12, 11.99, 114, 291, 0, 
2063, ClayLoam3, 3, 30.5, 13.39, 81, 287, 0, 
2064, ClayLoam3, 3, 36.89, 13.1, 90, 273, 0, 
2065, ClayLoam3, 3, 38.32, 12.52, 116, 285, 0, 
2066, ClayLoam3, 3, 42.58, 13.04, 110, 287, 0, 
2067, ClayLoam3, 3, 40.66, 13.53, 64, 292, 0, 
2068, ClayLoam3, 3, 70.49, 12.41, 89, 291, 0, 
2069, ClayLoam3, 3, 66.58, 12.66, 94, 294, 0, 
2070, ClayLoam3, 3, 47.99, 12.33, 88, 268, 0, 
2071, ClayLoam3, 3, 38.53, 13.72, 76, 290, 0, 
2072, ClayLoam3, 3, 47.68, 13.56, 110, 297, 0, 
2073, ClayLoam3, 3, 82.14, 12.6, 80, 274, 0, 
2074, ClayLoam3, 3, 51.29, 13.35, 93, 291, 0, 
2075, ClayLoam3, 3, 38.89, 14.12, 97, 291, 0, 
2076, ClayLoam3, 3, 28.13, 13.99, 70, 271, 0, 
2077, ClayLoam3, 3, 32.98, 13.91, 111, 282, 0, 
2078, ClayLoam3, 3, 36.57, 14.26, 93, 292, 0, 
2079, ClayLoam3, 3, 40.51, 14.18, 98, 281, 0, 
1980, ClayLoam2, 4, 45.43, 8.46, 116, 261, 0, 
1981, ClayLoam2, 4, 45.43, 8.49, 116, 261, 0, 
1982, ClayLoam2, 4, 63.32, 7.11, 125, 260, 0, 
1983, ClayLoam2, 4, 63.36, 7.59, 134, 269, 0, 
1984, ClayLoam2, 4, 39.94, 7.56, 121, 260, 0, 
1985, ClayLoam2, 4, 50.57, 7.59, 116, 258, 0, 
1986, ClayLoam2, 4, 49.08, 8.07, 120, 258, 0, 
1987, ClayLoam2, 4, 52.26, 7.34, 118, 283, 0, 
1988, ClayLoam2, 4, 39.83, 7.91, 127, 253, 0, 
1989, ClayLoam2, 4, 25.99, 8.44, 108, 262, 0, 
1990, ClayLoam2, 4, 51.36, 7.66, 115, 260, 0, 
1991, ClayLoam2, 4, 48.98, 7.57, 135, 269, 0, 
1992, ClayLoam2, 4, 71.71, 7.6, 109, 271, 0, 
1993, ClayLoam2, 4, 69.2, 7.84, 118, 258, 0, 
1994, ClayLoam2, 4, 40.56, 8.17, 120, 260, 0, 
1995, ClayLoam2, 4, 49.74, 8.42, 128, 260, 0, 
1996, ClayLoam2, 4, 27.56, 8.9, 118, 260, 0, 
1997, ClayLoam2, 4, 46.83, 8.02, 118, 260, 0, 
1998, ClayLoam2, 4, 55.93, 7.38, 133, 260, 0, 
1999, ClayLoam2, 4, 36.68, 8.28, 129, 260, 0, 
2000, ClayLoam2, 4, 35.63, 8.86, 112, 269, 0, 
2001, ClayLoam2, 4, 35.04, 8.58, 114, 272, 0, 
2002, ClayLoam2, 4, 22.14, 8.66, 115, 263, 0, 
2003, ClayLoam2, 4, 35.36, 9.12, 121, 281, 0, 
2004, ClayLoam2, 4, 55.83, 8.15, 115, 267, 0, 
2005, ClayLoam2, 4, 57.29, 8.6, 118, 270, 0, 
2006, ClayLoam2, 4, 35.02, 8.55, 115, 264, 0, 
2007, ClayLoam2, 4, 35.59, 8.85, 116, 264, 0, 
2008, ClayLoam2, 4, 53.64, 8.32, 128, 261, 0, 
2009, ClayLoam2, 4, 26.24, 8.44, 116, 260, 0, 
2010, ClayLoam2, 4, 56.6, 9.8, 113, 261, 0, 
2011, ClayLoam2, 4, 55.52, 9.97, 96, 261, 0, 
2012, ClayLoam2, 4, 58.74, 9.32, 114, 269, 0, 
2013, ClayLoam2, 4, 67.8, 9.52, 109, 264, 0, 
2014, ClayLoam2, 4, 85.79, 9.21, 111, 260, 0, 
2015, ClayLoam2, 4, 40.48, 9.93, 99, 260, 0, 
2016, ClayLoam2, 4, 70.52, 9.93, 112, 271, 0, 
2017, ClayLoam2, 4, 49.4, 9.93, 99, 260, 0, 
2018, ClayLoam2, 4, 63.47, 9.7, 106, 262, 0, 
2019, ClayLoam2, 4, 56.12, 10.02, 110, 285, 0, 
2020, ClayLoam2, 4, 50.72, 9.69, 113, 267, 0, 
2021, ClayLoam2, 4, 68.24, 9.57, 104, 270, 0, 
2022, ClayLoam2, 4, 66.97, 10.14, 114, 272, 0, 
2023, ClayLoam2, 4, 90.42, 9.32, 114, 261, 0, 
2024, ClayLoam2, 4, 38.75, 10.1, 98, 271, 0, 
2025, ClayLoam2, 4, 75.24, 9.82, 118, 273, 0, 
2026, ClayLoam2, 4, 93.22, 10.77, 98, 291, 0, 
2027, ClayLoam2, 4, 48.62, 9.39, 135, 257, 0, 
2028, ClayLoam2, 4, 30.28, 10.77, 116, 289, 0, 
2029, ClayLoam2, 4, 54.45, 10.55, 114, 267, 0, 
2030, ClayLoam2, 4, 51.45, 10.17, 123, 281, 0, 
2031, ClayLoam2, 4, 91.11, 9.02, 113, 260, 0, 
2032, ClayLoam2, 4, 97.89, 9.9, 110, 291, 0, 
2033, ClayLoam2, 4, 71.67, 11.13, 112, 269, 0, 
2034, ClayLoam2, 4, 39.4, 9.82, 102, 269, 0, 
2035, ClayLoam2, 4, 48.1, 9.88, 121, 261, 0, 
2036, ClayLoam2, 4, 74.69, 10.01, 104, 260, 0, 
2037, ClayLoam2, 4, 39.93, 12.19, 78, 264, 0, 
2038, ClayLoam2, 4, 56.05, 11.54, 112, 268, 0, 
2039, ClayLoam2, 4, 62.13, 11.28, 90, 274, 0, 
2040, ClayLoam2, 4, 36.39, 10.92, 95, 291, 0, 
2041, ClayLoam2, 4, 46.48, 11, 114, 291, 0, 
2042, ClayLoam2, 4, 49.35, 10.46, 106, 285, 0, 
2043, ClayLoam2, 4, 76.6, 11.32, 85, 265, 0, 
2044, ClayLoam2, 4, 52.26, 11.82, 109, 274, 0, 
2045, ClayLoam2, 4, 30.13, 11.08, 105, 290, 0, 
2046, ClayLoam2, 4, 29.81, 12.05, 107, 267, 0, 
2047, ClayLoam2, 4, 48.63, 11.13, 104, 273, 0, 
2048, ClayLoam2, 4, 66.85, 11.01, 118, 266, 0, 
2049, ClayLoam2, 4, 80.85, 11.82, 73, 284, 0, 
2050, ClayLoam2, 4, 66.82, 11.57, 94, 291, 0, 
2051, ClayLoam2, 4, 58.74, 12, 94, 271, 0, 
2052, ClayLoam2, 4, 76.24, 12.27, 80, 267, 0, 
2053, ClayLoam2, 4, 98.26, 11.7, 76, 291, 0, 
2054, ClayLoam2, 4, 59.18, 12.37, 109, 274, 0, 
2055, ClayLoam2, 4, 64.1, 10.98, 91, 279, 0, 
2056, ClayLoam2, 4, 65.17, 11.4, 98, 291, 0, 
2057, ClayLoam2, 4, 42.89, 11.83, 79, 291, 0, 
2058, ClayLoam2, 4, 42.3, 13.11, 86, 272, 0, 
2059, ClayLoam2, 4, 43.48, 12.77, 112, 279, 0, 
2060, ClayLoam2, 4, 38.86, 12.47, 106, 277, 0, 
2061, ClayLoam2, 4, 35.58, 12.35, 112, 291, 0, 
2062, ClayLoam2, 4, 46.85, 12.29, 114, 291, 0, 
2063, ClayLoam2, 4, 25.26, 13.74, 79, 288, 0, 
2064, ClayLoam2, 4, 31.68, 13.41, 89, 273, 0, 
2065, ClayLoam2, 4, 30.39, 12.85, 116, 284, 0, 
2066, ClayLoam2, 4, 36.89, 13.34, 110, 286, 0, 
2067, ClayLoam2, 4, 37.43, 13.83, 64, 292, 0, 
2068, ClayLoam2, 4, 61.67, 12.72, 85, 291, 0, 
2069, ClayLoam2, 4, 60.59, 12.96, 94, 293, 0, 
2070, ClayLoam2, 4, 41.08, 12.61, 88, 268, 0, 
2071, ClayLoam2, 4, 33.45, 13.99, 40, 300, 0, 
2072, ClayLoam2, 4, 44.38, 13.87, 110, 297, 0, 
2073, ClayLoam2, 4, 70.55, 12.91, 79, 273, 0, 
2074, ClayLoam2, 4, 44.14, 13.67, 91, 291, 0, 
2075, ClayLoam2, 4, 35.29, 14.44, 95, 291, 0, 
2076, ClayLoam2, 4, 24.07, 14.3, 69, 271, 0, 
2077, ClayLoam2, 4, 26.94, 14.21, 112, 281, 0, 
2078, ClayLoam2, 4, 33.01, 14.55, 93, 292, 0, 
2079, ClayLoam2, 4, 34.64, 14.45, 97, 281, 0, 
1980, ClayLoam1, 5, 36.88, 9.58, 104, 266, 0, 
1981, ClayLoam1, 5, 36.88, 9.61, 104, 266, 0, 
1982, ClayLoam1, 5, 50.34, 8.3, 113, 260, 0, 
1983, ClayLoam1, 5, 51.7, 8.79, 123, 273, 0, 
1984, ClayLoam1, 5, 36.15, 8.68, 113, 260, 0, 
1985, ClayLoam1, 5, 47.89, 8.78, 103, 279, 0, 
1986, ClayLoam1, 5, 47.53, 9.27, 104, 260, 0, 
1987, ClayLoam1, 5, 49.76, 8.47, 108, 290, 0, 
1988, ClayLoam1, 5, 36.19, 9.06, 111, 257, 0, 
1989, ClayLoam1, 5, 29.01, 9.56, 94, 267, 0, 
1990, ClayLoam1, 5, 42.73, 8.86, 98, 263, 0, 
1991, ClayLoam1, 5, 42.75, 8.72, 120, 274, 0, 
1992, ClayLoam1, 5, 60.27, 8.68, 98, 277, 0, 
1993, ClayLoam1, 5, 56.58, 9.05, 107, 271, 0, 
1994, ClayLoam1, 5, 41.58, 9.38, 107, 262, 0, 
1995, ClayLoam1, 5, 35.74, 9.61, 116, 260, 0, 
1996, ClayLoam1, 5, 28.91, 10.1, 110, 264, 0, 
1997, ClayLoam1, 5, 44.01, 9.16, 110, 262, 0, 
1998, ClayLoam1, 5, 52.11, 8.63, 122, 264, 0, 
1999, ClayLoam1, 5, 39.25, 9.4, 118, 261, 0, 
2000, ClayLoam1, 5, 34.99, 10.07, 101, 273, 0, 
2001, ClayLoam1, 5, 33.13, 9.77, 105, 276, 0, 
2002, ClayLoam1, 5, 24.5, 9.81, 100, 267, 0, 
2003, ClayLoam1, 5, 32.31, 10.27, 112, 284, 0, 
2004, ClayLoam1, 5, 47.19, 9.3, 98, 272, 0, 
2005, ClayLoam1, 5, 51.85, 9.78, 109, 275, 0, 
2006, ClayLoam1, 5, 34.24, 9.69, 106, 269, 0, 
2007, ClayLoam1, 5, 32.99, 10.01, 105, 267, 0, 
2008, ClayLoam1, 5, 44.88, 9.44, 116, 264, 0, 
2009, ClayLoam1, 5, 25.58, 9.58, 110, 263, 0, 
2010, ClayLoam1, 5, 44.83, 10.93, 98, 266, 0, 
2011, ClayLoam1, 5, 45.35, 11.12, 81, 265, 0, 
2012, ClayLoam1, 5, 46.65, 10.49, 107, 276, 0, 
2013, ClayLoam1, 5, 55.15, 10.64, 93, 268, 0, 
2014, ClayLoam1, 5, 73.78, 10.37, 105, 263, 0, 
2015, ClayLoam1, 5, 32.3, 11.05, 91, 264, 0, 
2016, ClayLoam1, 5, 52.15, 11.08, 102, 275, 0, 
2017, ClayLoam1, 5, 38.7, 11.02, 91, 260, 0, 
2018, ClayLoam1, 5, 54.7, 10.81, 93, 268, 0, 
2019, ClayLoam1, 5, 47.54, 11.16, 102, 291, 0, 
2020, ClayLoam1, 5, 40.86, 10.81, 95, 273, 0, 
2021, ClayLoam1, 5, 50.5, 10.73, 90, 275, 0, 
2022, ClayLoam1, 5, 49.83, 11.2, 105, 276, 0, 
2023, ClayLoam1, 5, 67.77, 10.47, 102, 265, 0, 
2024, ClayLoam1, 5, 30.97, 11.26, 89, 277, 0, 
2025, ClayLoam1, 5, 64.36, 10.92, 109, 278, 0, 
2026, ClayLoam1, 5, 70.47, 11.88, 89, 291, 0, 
2027, ClayLoam1, 5, 43.56, 10.48, 124, 280, 0, 
2028, ClayLoam1, 5, 25.48, 11.87, 109, 291, 0, 
2029, ClayLoam1, 5, 45.24, 11.69, 106, 272, 0, 
2030, ClayLoam1, 5, 48.36, 11.28, 111, 288, 0, 
2031, ClayLoam1, 5, 70.87, 10.14, 103, 263, 0, 
2032, ClayLoam1, 5, 79.07, 11.02, 96, 291, 0, 
2033, ClayLoam1, 5, 66.04, 12.25, 106, 275, 0, 
2034, ClayLoam1, 5, 33.58, 10.94, 90, 274, 0, 
2035, ClayLoam1, 5, 41.25, 11.02, 115, 266, 0, 
2036, ClayLoam1, 5, 56.1, 11.16, 95, 261, 0, 
2037, ClayLoam1, 5, 31.15, 13.34, 69, 267, 0, 
2038, ClayLoam1, 5, 42.03, 12.64, 106, 272, 0, 
2039, ClayLoam1, 5, 46.35, 12.36, 85, 281, 0, 
2040, ClayLoam1, 5, 30.41, 12.04, 84, 291, 0, 
2041, ClayLoam1, 5, 37.58, 12.12, 109, 291, 0, 
2042, ClayLoam1, 5, 40.13, 11.56, 100, 291, 0, 
2043, ClayLoam1, 5, 61.22, 12.47, 63, 270, 0, 
2044, ClayLoam1, 5, 39.01, 12.91, 68, 278, 0, 
2045, ClayLoam1, 5, 25.19, 12.21, 73, 294, 0, 
2046, ClayLoam1, 5, 26.68, 13.16, 80, 270, 0, 
2047, ClayLoam1, 5, 41.11, 12.22, 89, 278, 0, 
2048, ClayLoam1, 5, 55.59, 12.11, 107, 271, 0, 
2049, ClayLoam1, 5, 62.23, 13.01, 66, 290, 0, 
2050, ClayLoam1, 5, 57.84, 12.71, 64, 295, 0, 
2051, ClayLoam1, 5, 47.12, 13.1, 85, 275, 0, 
2052, ClayLoam1, 5, 61.01, 13.39, 71, 271, 0, 
2053, ClayLoam1, 5, 83.42, 12.83, 62, 291, 0, 
2054, ClayLoam1, 5, 50.1, 13.43, 49, 280, 0, 
2055, ClayLoam1, 5, 50.38, 12.13, 80, 285, 0, 
2056, ClayLoam1, 5, 49.18, 12.64, 70, 291, 0, 
2057, ClayLoam1, 5, 36.79, 12.99, 69, 291, 0, 
2058, ClayLoam1, 5, 32.94, 14.19, 81, 276, 0, 
2059, ClayLoam1, 5, 36.74, 13.91, 105, 284, 0, 
2060, ClayLoam1, 5, 33.09, 13.57, 96, 283, 0, 
2061, ClayLoam1, 5, 30.05, 13.48, 106, 292, 0, 
2062, ClayLoam1, 5, 38.1, 13.4, 108, 291, 0, 
2063, ClayLoam1, 5, 21.12, 14.83, 68, 290, 0, 
2064, ClayLoam1, 5, 26.94, 14.48, 70, 276, 0, 
2065, ClayLoam1, 5, 27.44, 13.94, 109, 287, 0, 
2066, ClayLoam1, 5, 29.78, 14.43, 105, 290, 0, 
2067, ClayLoam1, 5, 29.73, 14.92, 59, 295, 0, 
2068, ClayLoam1, 5, 49.41, 13.82, 67, 291, 0, 
2069, ClayLoam1, 5, 52.37, 14.05, 85, 298, 0, 
2070, ClayLoam1, 5, 32.77, 13.74, 74, 271, 0, 
2071, ClayLoam1, 5, 28.29, 15.06, 37, 308, 0, 
2072, ClayLoam1, 5, 42.42, 14.93, 105, 302, 0, 
2073, ClayLoam1, 5, 56.6, 14.01, 70, 277, 0, 
2074, ClayLoam1, 5, 34.58, 14.83, 78, 291, 0, 
2075, ClayLoam1, 5, 29.41, 15.52, 82, 291, 0, 
2076, ClayLoam1, 5, 23.6, 15.35, 61, 274, 0, 
2077, ClayLoam1, 5, 22.24, 15.31, 106, 285, 0, 
2078, ClayLoam1, 5, 29.18, 15.66, 83, 294, 0, 
2079, ClayLoam1, 5, 29.24, 15.6, 81, 284, 0, 
1980, ClayLoam4, 6, 61.92, 7.09, 103, 269, 0, 
1981, ClayLoam4, 6, 61.92, 7.11, 103, 269, 0, 
1982, ClayLoam4, 6, 87.1, 5.71, 115, 261, 0, 
1983, ClayLoam4, 6, 81.03, 6.13, 124, 273, 0, 
1984, ClayLoam4, 6, 52.61, 6.05, 114, 260, 0, 
1985, ClayLoam4, 6, 72.72, 6.15, 104, 278, 0, 
1986, ClayLoam4, 6, 69.94, 6.64, 105, 260, 0, 
1987, ClayLoam4, 6, 76.05, 5.89, 108, 291, 0, 
1988, ClayLoam4, 6, 58.06, 6.48, 114, 291, 0, 
1989, ClayLoam4, 6, 36.51, 7.1, 93, 270, 0, 
1990, ClayLoam4, 6, 70.9, 6.3, 101, 267, 0, 
1991, ClayLoam4, 6, 64.31, 6.12, 121, 280, 0, 
1992, ClayLoam4, 6, 101.55, 6.09, 101, 285, 0, 
1993, ClayLoam4, 6, 91.95, 6.43, 108, 271, 0, 
1994, ClayLoam4, 6, 51.53, 6.72, 111, 262, 0, 
1995, ClayLoam4, 6, 68.08, 6.94, 119, 265, 0, 
1996, ClayLoam4, 6, 36.1, 7.47, 111, 265, 0, 
1997, ClayLoam4, 6, 65.23, 6.5, 113, 263, 0, 
1998, ClayLoam4, 6, 68.92, 5.85, 124, 264, 0, 
1999, ClayLoam4, 6, 54.3, 6.93, 122, 269, 0, 
2000, ClayLoam4, 6, 45.02, 7.5, 103, 271, 0, 
2001, ClayLoam4, 6, 46.17, 7.1, 107, 282, 0, 
2002, ClayLoam4, 6, 33.83, 7.28, 101, 267, 0, 
2003, ClayLoam4, 6, 56.83, 7.69, 112, 291, 0, 
2004, ClayLoam4, 6, 69.92, 6.67, 103, 271, 0, 
2005, ClayLoam4, 6, 66.75, 7.14, 110, 275, 0, 
2006, ClayLoam4, 6, 54.34, 7.11, 108, 273, 0, 
2007, ClayLoam4, 6, 56.61, 7.38, 108, 272, 0, 
2008, ClayLoam4, 6, 80.89, 6.8, 117, 269, 0, 
2009, ClayLoam4, 6, 38.04, 7.01, 111, 262, 0, 
2010, ClayLoam4, 6, 62.06, 7.71, 125, 260, 0, 
2011, ClayLoam4, 6, 62.17, 7.92, 108, 260, 0, 
2012, ClayLoam4, 6, 66.06, 7.26, 121, 263, 0, 
2013, ClayLoam4, 6, 75.71, 7.43, 125, 260, 0, 
2014, ClayLoam4, 6, 98.38, 7.11, 118, 260, 0, 
2015, ClayLoam4, 6, 46.03, 7.86, 108, 259, 0, 
2016, ClayLoam4, 6, 77.73, 7.89, 118, 263, 0, 
2017, ClayLoam4, 6, 56.54, 7.85, 117, 260, 0, 
2018, ClayLoam4, 6, 73.9, 7.59, 119, 260, 0, 
2019, ClayLoam4, 6, 67.21, 7.98, 115, 276, 0, 
2020, ClayLoam4, 6, 57.97, 7.68, 124, 261, 0, 
2021, ClayLoam4, 6, 75.48, 7.52, 110, 261, 0, 
2022, ClayLoam4, 6, 71.78, 8, 122, 266, 0, 
2023, ClayLoam4, 6, 99.32, 7.25, 124, 260, 0, 
2024, ClayLoam4, 6, 42.87, 8.04, 108, 264, 0, 
2025, ClayLoam4, 6, 85.05, 7.75, 126, 266, 0, 
2026, ClayLoam4, 6, 103.58, 8.71, 135, 289, 0, 
2027, ClayLoam4, 6, 59.5, 7.3, 141, 249, 0, 
2028, ClayLoam4, 6, 35.44, 8.64, 120, 278, 0, 
2029, ClayLoam4, 6, 64.59, 8.44, 119, 260, 0, 
2030, ClayLoam4, 6, 61.41, 8.04, 134, 273, 0, 
2031, ClayLoam4, 6, 102, 6.95, 122, 255, 0, 
2032, ClayLoam4, 6, 110.75, 7.84, 118, 290, 0, 
2033, ClayLoam4, 6, 83.57, 9.02, 119, 262, 0, 
2034, ClayLoam4, 6, 46.15, 7.77, 114, 263, 0, 
2035, ClayLoam4, 6, 56.73, 7.81, 125, 260, 0, 
2036, ClayLoam4, 6, 82.24, 7.95, 110, 260, 0, 
2037, ClayLoam4, 6, 44.49, 10.08, 87, 260, 0, 
2038, ClayLoam4, 6, 62.44, 9.48, 118, 264, 0, 
2039, ClayLoam4, 6, 69.68, 9.23, 97, 266, 0, 
2040, ClayLoam4, 6, 42.59, 8.85, 106, 291, 0, 
2041, ClayLoam4, 6, 52.35, 8.91, 118, 290, 0, 
2042, ClayLoam4, 6, 56.34, 8.35, 117, 278, 0, 
2043, ClayLoam4, 6, 85.15, 9.3, 109, 260, 0, 
2044, ClayLoam4, 6, 55.72, 9.72, 115, 267, 0, 
2045, ClayLoam4, 6, 34.8, 9.03, 111, 282, 0, 
2046, ClayLoam4, 6, 35.51, 9.95, 117, 263, 0, 
2047, ClayLoam4, 6, 52.56, 9.01, 110, 268, 0, 
2048, ClayLoam4, 6, 72.98, 8.95, 125, 262, 0, 
2049, ClayLoam4, 6, 91.1, 9.76, 106, 278, 0, 
2050, ClayLoam4, 6, 80.68, 9.52, 111, 291, 0, 
2051, ClayLoam4, 6, 67.45, 9.93, 102, 265, 0, 
2052, ClayLoam4, 6, 87.05, 10.23, 88, 263, 0, 
2053, ClayLoam4, 6, 113.57, 9.65, 94, 291, 0, 
2054, ClayLoam4, 6, 67.53, 10.28, 117, 269, 0, 
2055, ClayLoam4, 6, 74.43, 8.95, 136, 273, 0, 
2056, ClayLoam4, 6, 70.06, 9.41, 112, 291, 0, 
2057, ClayLoam4, 6, 48.93, 9.79, 92, 291, 0, 
2058, ClayLoam4, 6, 46.85, 11.02, 92, 268, 0, 
2059, ClayLoam4, 6, 54.71, 10.7, 118, 273, 0, 
2060, ClayLoam4, 6, 48.77, 10.41, 111, 271, 0, 
2061, ClayLoam4, 6, 39.79, 10.32, 116, 291, 0, 
2062, ClayLoam4, 6, 53.83, 10.21, 119, 284, 0, 
2063, ClayLoam4, 6, 29.34, 11.64, 92, 280, 0, 
2064, ClayLoam4, 6, 36.87, 11.32, 108, 267, 0, 
2065, ClayLoam4, 6, 39.99, 10.76, 124, 278, 0, 
2066, ClayLoam4, 6, 42.51, 11.25, 114, 281, 0, 
2067, ClayLoam4, 6, 39.33, 11.74, 74, 291, 0, 
2068, ClayLoam4, 6, 69.72, 10.68, 105, 291, 0, 
2069, ClayLoam4, 6, 69.62, 10.86, 102, 291, 0, 
2070, ClayLoam4, 6, 47.06, 10.56, 100, 263, 0, 
2071, ClayLoam4, 6, 37.4, 11.84, 94, 284, 0, 
2072, ClayLoam4, 6, 52.19, 11.76, 115, 291, 0, 
2073, ClayLoam4, 6, 79.71, 10.84, 89, 267, 0, 
2074, ClayLoam4, 6, 50.55, 11.66, 103, 291, 0, 
2075, ClayLoam4, 6, 41.46, 12.36, 107, 288, 0, 
2076, ClayLoam4, 6, 28.91, 12.19, 85, 267, 0, 
2077, ClayLoam4, 6, 31.39, 12.14, 116, 275, 0, 
2078, ClayLoam4, 6, 41, 12.46, 103, 291, 0, 
2079, ClayLoam4, 6, 39.67, 12.39, 110, 277, 0, 
1980, Sands3, 7, 54.69, 8.49, 100, 270, 0, 
1981, Sands3, 7, 54.69, 8.51, 100, 270, 0, 
1982, Sands3, 7, 79.87, 7.06, 112, 263, 0, 
1983, Sands3, 7, 77.02, 7.46, 121, 277, 0, 
1984, Sands3, 7, 46.31, 7.5, 112, 261, 0, 
1985, Sands3, 7, 64.67, 7.55, 100, 284, 0, 
1986, Sands3, 7, 60.69, 8.01, 101, 264, 0, 
1987, Sands3, 7, 63.44, 7.31, 104, 291, 0, 
1988, Sands3, 7, 50.17, 7.9, 109, 291, 0, 
1989, Sands3, 7, 33.75, 8.56, 89, 275, 0, 
1990, Sands3, 7, 62, 7.66, 98, 270, 0, 
1991, Sands3, 7, 61.48, 7.54, 119, 284, 0, 
1992, Sands3, 7, 90.18, 7.53, 97, 287, 0, 
1993, Sands3, 7, 87.37, 7.79, 105, 277, 0, 
1994, Sands3, 7, 49.23, 8.12, 107, 264, 0, 
1995, Sands3, 7, 64.15, 8.39, 117, 269, 0, 
1996, Sands3, 7, 33.67, 8.85, 107, 269, 0, 
1997, Sands3, 7, 57.51, 7.96, 110, 266, 0, 
1998, Sands3, 7, 66.54, 7.24, 122, 267, 0, 
1999, Sands3, 7, 43.64, 8.32, 118, 274, 0, 
2000, Sands3, 7, 41.88, 8.84, 99, 275, 0, 
2001, Sands3, 7, 40.76, 8.52, 105, 286, 0, 
2002, Sands3, 7, 26.09, 8.66, 99, 270, 0, 
2003, Sands3, 7, 45.97, 9.08, 111, 291, 0, 
2004, Sands3, 7, 67.67, 8.1, 92, 275, 0, 
2005, Sands3, 7, 67.06, 8.52, 108, 281, 0, 
2006, Sands3, 7, 40.89, 8.51, 105, 278, 0, 
2007, Sands3, 7, 43.44, 8.82, 103, 275, 0, 
2008, Sands3, 7, 70.47, 8.25, 112, 274, 0, 
2009, Sands3, 7, 32.51, 8.45, 109, 265, 0, 
2010, Sands3, 7, 65.18, 9.2, 116, 260, 0, 
2011, Sands3, 7, 65.2, 9.37, 99, 260, 0, 
2012, Sands3, 7, 67.87, 8.73, 116, 268, 0, 
2013, Sands3, 7, 80.44, 8.91, 113, 263, 0, 
2014, Sands3, 7, 98.01, 8.62, 113, 260, 0, 
2015, Sands3, 7, 47.02, 9.33, 101, 260, 0, 
2016, Sands3, 7, 84.36, 9.33, 113, 269, 0, 
2017, Sands3, 7, 58.44, 9.32, 102, 260, 0, 
2018, Sands3, 7, 74.12, 9.09, 108, 261, 0, 
2019, Sands3, 7, 65.86, 9.43, 111, 285, 0, 
2020, Sands3, 7, 59.37, 9.11, 116, 267, 0, 
2021, Sands3, 7, 80.5, 8.97, 106, 268, 0, 
2022, Sands3, 7, 79.52, 9.53, 116, 271, 0, 
2023, Sands3, 7, 107.76, 8.73, 117, 260, 0, 
2024, Sands3, 7, 45.34, 9.52, 100, 270, 0, 
2025, Sands3, 7, 85.82, 9.23, 120, 272, 0, 
2026, Sands3, 7, 112.96, 10.17, 100, 291, 0, 
2027, Sands3, 7, 57.16, 8.79, 136, 255, 0, 
2028, Sands3, 7, 35.24, 10.18, 117, 288, 0, 
2029, Sands3, 7, 64.03, 9.96, 115, 266, 0, 
2030, Sands3, 7, 58.33, 9.58, 126, 281, 0, 
2031, Sands3, 7, 107.01, 8.43, 115, 260, 0, 
2032, Sands3, 7, 117.32, 9.3, 112, 291, 0, 
2033, Sands3, 7, 81.36, 10.52, 114, 268, 0, 
2034, Sands3, 7, 46.55, 9.23, 104, 268, 0, 
2035, Sands3, 7, 56.18, 9.29, 122, 260, 0, 
2036, Sands3, 7, 85.85, 9.43, 105, 260, 0, 
2037, Sands3, 7, 46.47, 11.58, 81, 263, 0, 
2038, Sands3, 7, 64.83, 10.94, 113, 268, 0, 
2039, Sands3, 7, 73.88, 10.69, 92, 273, 0, 
2040, Sands3, 7, 41.72, 10.34, 97, 291, 0, 
2041, Sands3, 7, 54.87, 10.39, 114, 291, 0, 
2042, Sands3, 7, 56.8, 9.88, 108, 285, 0, 
2043, Sands3, 7, 89.27, 10.75, 92, 264, 0, 
2044, Sands3, 7, 58.54, 11.21, 110, 273, 0, 
2045, Sands3, 7, 34.19, 10.49, 106, 290, 0, 
2046, Sands3, 7, 33.98, 11.45, 109, 266, 0, 
2047, Sands3, 7, 54.56, 10.53, 106, 273, 0, 
2048, Sands3, 7, 76.4, 10.42, 120, 266, 0, 
2049, Sands3, 7, 96.67, 11.21, 78, 284, 0, 
2050, Sands3, 7, 79.04, 10.98, 100, 291, 0, 
2051, Sands3, 7, 68.39, 11.41, 96, 270, 0, 
2052, Sands3, 7, 88.18, 11.68, 82, 267, 0, 
2053, Sands3, 7, 113.47, 11.11, 81, 291, 0, 
2054, Sands3, 7, 68.78, 11.77, 111, 274, 0, 
2055, Sands3, 7, 75.29, 10.4, 93, 279, 0, 
2056, Sands3, 7, 75.69, 10.81, 105, 291, 0, 
2057, Sands3, 7, 48.39, 11.25, 83, 291, 0, 
2058, Sands3, 7, 49.25, 12.52, 87, 272, 0, 
2059, Sands3, 7, 51.8, 12.19, 113, 278, 0, 
2060, Sands3, 7, 45.58, 11.9, 107, 277, 0, 
2061, Sands3, 7, 39.71, 11.8, 112, 291, 0, 
2062, Sands3, 7, 54.27, 11.7, 115, 291, 0, 
2063, Sands3, 7, 29.51, 13.13, 83, 287, 0, 
2064, Sands3, 7, 36.38, 12.82, 97, 272, 0, 
2065, Sands3, 7, 37.34, 12.25, 118, 284, 0, 
2066, Sands3, 7, 42.14, 12.75, 111, 287, 0, 
2067, Sands3, 7, 41.03, 13.24, 66, 292, 0, 
2068, Sands3, 7, 71.63, 12.14, 91, 291, 0, 
2069, Sands3, 7, 68.62, 12.37, 96, 293, 0, 
2070, Sands3, 7, 48.37, 12.03, 91, 267, 0, 
2071, Sands3, 7, 38.35, 13.39, 78, 300, 0, 
2072, Sands3, 7, 49.78, 13.27, 111, 296, 0, 
2073, Sands3, 7, 81.93, 12.31, 82, 273, 0, 
2074, Sands3, 7, 52.34, 13.08, 95, 291, 0, 
2075, Sands3, 7, 39.76, 13.84, 99, 291, 0, 
2076, Sands3, 7, 27.74, 13.71, 72, 271, 0, 
2077, Sands3, 7, 32.43, 13.63, 112, 281, 0, 
2078, Sands3, 7, 38.15, 13.96, 95, 291, 0, 
2079, Sands3, 7, 40.44, 13.86, 101, 281, 0, 
1980, Sands2, 8, 44.04, 8.67, 105, 268, 0, 
1981, Sands2, 8, 44.04, 8.69, 105, 268, 0, 
1982, Sands2, 8, 60.65, 7.32, 116, 260, 0, 
1983, Sands2, 8, 59.38, 7.77, 125, 274, 0, 
1984, Sands2, 8, 38.71, 7.71, 115, 260, 0, 
1985, Sands2, 8, 51.23, 7.79, 105, 281, 0, 
1986, Sands2, 8, 49.91, 8.27, 106, 261, 0, 
1987, Sands2, 8, 53.15, 7.52, 109, 291, 0, 
1988, Sands2, 8, 39.24, 8.09, 114, 291, 0, 
1989, Sands2, 8, 27, 8.66, 96, 269, 0, 
1990, Sands2, 8, 51.02, 7.88, 101, 265, 0, 
1991, Sands2, 8, 46.61, 7.74, 123, 277, 0, 
1992, Sands2, 8, 68.89, 7.74, 101, 281, 0, 
1993, Sands2, 8, 66.11, 8.05, 109, 273, 0, 
1994, Sands2, 8, 38.47, 8.34, 110, 262, 0, 
1995, Sands2, 8, 44.93, 8.59, 119, 263, 0, 
1996, Sands2, 8, 28.4, 9.08, 111, 265, 0, 
1997, Sands2, 8, 47.24, 8.17, 112, 263, 0, 
1998, Sands2, 8, 51.48, 7.54, 124, 264, 0, 
1999, Sands2, 8, 38.46, 8.48, 120, 265, 0, 
2000, Sands2, 8, 32.11, 9.07, 103, 274, 0, 
2001, Sands2, 8, 32.65, 8.76, 107, 280, 0, 
2002, Sands2, 8, 21.49, 8.87, 101, 268, 0, 
2003, Sands2, 8, 35.46, 9.32, 113, 291, 0, 
2004, Sands2, 8, 53.05, 8.32, 104, 273, 0, 
2005, Sands2, 8, 53.7, 8.77, 111, 277, 0, 
2006, Sands2, 8, 35.05, 8.72, 108, 272, 0, 
2007, Sands2, 8, 38.75, 9.03, 108, 270, 0, 
2008, Sands2, 8, 56.06, 8.46, 118, 267, 0, 
2009, Sands2, 8, 26.95, 8.62, 111, 263, 0, 
2010, Sands2, 8, 55.06, 9.37, 114, 260, 0, 
2011, Sands2, 8, 54.36, 9.56, 98, 260, 0, 
2012, Sands2, 8, 58.19, 8.91, 115, 268, 0, 
2013, Sands2, 8, 66.07, 9.1, 112, 262, 0, 
2014, Sands2, 8, 85.11, 8.78, 113, 260, 0, 
2015, Sands2, 8, 39.96, 9.51, 100, 260, 0, 
2016, Sands2, 8, 67.58, 9.53, 112, 269, 0, 
2017, Sands2, 8, 48.93, 9.5, 101, 260, 0, 
2018, Sands2, 8, 64.06, 9.27, 108, 260, 0, 
2019, Sands2, 8, 56.7, 9.62, 111, 283, 0, 
2020, Sands2, 8, 49.88, 9.29, 114, 266, 0, 
2021, Sands2, 8, 66.07, 9.16, 105, 268, 0, 
2022, Sands2, 8, 64.3, 9.69, 115, 271, 0, 
2023, Sands2, 8, 86.3, 8.9, 116, 260, 0, 
2024, Sands2, 8, 37.97, 9.69, 99, 270, 0, 
2025, Sands2, 8, 74.49, 9.4, 119, 271, 0, 
2026, Sands2, 8, 90.08, 10.35, 99, 291, 0, 
2027, Sands2, 8, 49.99, 8.96, 135, 256, 0, 
2028, Sands2, 8, 30.59, 10.32, 116, 286, 0, 
2029, Sands2, 8, 54.94, 10.11, 114, 265, 0, 
2030, Sands2, 8, 53.63, 9.72, 125, 280, 0, 
2031, Sands2, 8, 88.65, 8.6, 114, 260, 0, 
2032, Sands2, 8, 95.91, 9.49, 111, 291, 0, 
2033, Sands2, 8, 72.55, 10.69, 114, 268, 0, 
2034, Sands2, 8, 39.69, 9.4, 103, 268, 0, 
2035, Sands2, 8, 47.93, 9.47, 121, 260, 0, 
2036, Sands2, 8, 71.77, 9.6, 105, 260, 0, 
2037, Sands2, 8, 39.02, 11.76, 80, 263, 0, 
2038, Sands2, 8, 54.49, 11.12, 113, 267, 0, 
2039, Sands2, 8, 59.97, 10.87, 92, 272, 0, 
2040, Sands2, 8, 36.65, 10.5, 97, 291, 0, 
2041, Sands2, 8, 45.83, 10.57, 114, 291, 0, 
2042, Sands2, 8, 48.48, 10.02, 108, 284, 0, 
2043, Sands2, 8, 75.5, 10.92, 89, 264, 0, 
2044, Sands2, 8, 50.53, 11.39, 109, 273, 0, 
2045, Sands2, 8, 30.24, 10.67, 105, 289, 0, 
2046, Sands2, 8, 30.4, 11.62, 109, 266, 0, 
2047, Sands2, 8, 48.55, 10.69, 105, 272, 0, 
2048, Sands2, 8, 65.52, 10.59, 118, 266, 0, 
2049, Sands2, 8, 78.52, 11.41, 74, 283, 0, 
2050, Sands2, 8, 67.91, 11.15, 97, 291, 0, 
2051, Sands2, 8, 58.03, 11.58, 95, 270, 0, 
2052, Sands2, 8, 75.8, 11.86, 81, 266, 0, 
2053, Sands2, 8, 98.03, 11.29, 79, 291, 0, 
2054, Sands2, 8, 59.37, 11.94, 110, 273, 0, 
2055, Sands2, 8, 63.43, 10.57, 93, 278, 0, 
2056, Sands2, 8, 62.93, 11.02, 99, 291, 0, 
2057, Sands2, 8, 43.39, 11.43, 82, 291, 0, 
2058, Sands2, 8, 41.64, 12.68, 87, 271, 0, 
2059, Sands2, 8, 44.85, 12.34, 113, 278, 0, 
2060, Sands2, 8, 39.61, 12.06, 107, 276, 0, 
2061, Sands2, 8, 35.42, 11.94, 112, 291, 0, 
2062, Sands2, 8, 46.84, 11.86, 115, 290, 0, 
2063, Sands2, 8, 25.1, 13.31, 81, 286, 0, 
2064, Sands2, 8, 32.03, 12.99, 95, 272, 0, 
2065, Sands2, 8, 31.68, 12.42, 118, 283, 0, 
2066, Sands2, 8, 37, 12.91, 110, 285, 0, 
2067, Sands2, 8, 36.83, 13.41, 66, 291, 0, 
2068, Sands2, 8, 60.99, 12.31, 88, 291, 0, 
2069, Sands2, 8, 61.2, 12.53, 95, 292, 0, 
2070, Sands2, 8, 40.33, 12.2, 89, 267, 0, 
2071, Sands2, 8, 33.22, 13.53, 77, 290, 0, 
2072, Sands2, 8, 46.16, 13.43, 111, 295, 0, 
2073, Sands2, 8, 70.15, 12.49, 81, 272, 0, 
2074, Sands2, 8, 43.49, 13.28, 93, 291, 0, 
2075, Sands2, 8, 36.04, 14.01, 98, 291, 0, 
2076, Sands2, 8, 25.13, 13.86, 71, 271, 0, 
2077, Sands2, 8, 26.93, 13.79, 112, 279, 0, 
2078, Sands2, 8, 34.16, 14.12, 94, 291, 0, 
2079, Sands2, 8, 34.75, 14.03, 100, 280, 0, 
1980, Sands1, 9, 33, 9.54, 101, 267, 0, 
1981, Sands1, 9, 33, 9.57, 101, 267, 0, 
1982, Sands1, 9, 45.53, 8.29, 110, 260, 0, 
1983, Sands1, 9, 47.49, 8.8, 120, 273, 0, 
1984, Sands1, 9, 33.78, 8.65, 112, 260, 0, 
1985, Sands1, 9, 41.98, 8.79, 100, 278, 0, 
1986, Sands1, 9, 41.69, 9.26, 100, 260, 0, 
1987, Sands1, 9, 43.33, 8.44, 105, 290, 0, 
1988, Sands1, 9, 30.93, 9.06, 108, 259, 0, 
1989, Sands1, 9, 23.81, 9.57, 91, 267, 0, 
1990, Sands1, 9, 39.85, 8.86, 96, 264, 0, 
1991, Sands1, 9, 37.15, 8.69, 116, 275, 0, 
1992, Sands1, 9, 50.93, 8.64, 95, 278, 0, 
1993, Sands1, 9, 47.02, 9.06, 105, 271, 0, 
1994, Sands1, 9, 33.91, 9.4, 103, 262, 0, 
1995, Sands1, 9, 28.18, 9.63, 113, 261, 0, 
1996, Sands1, 9, 26.52, 10.1, 108, 264, 0, 
1997, Sands1, 9, 39.97, 9.15, 108, 263, 0, 
1998, Sands1, 9, 42.74, 8.65, 119, 264, 0, 
1999, Sands1, 9, 37.05, 9.36, 115, 262, 0, 
2000, Sands1, 9, 30.06, 10.07, 99, 273, 0, 
2001, Sands1, 9, 29.47, 9.78, 102, 277, 0, 
2002, Sands1, 9, 22.62, 9.78, 98, 267, 0, 
2003, Sands1, 9, 26.39, 10.21, 110, 286, 0, 
2004, Sands1, 9, 40.49, 9.28, 93, 273, 0, 
2005, Sands1, 9, 43.3, 9.77, 107, 275, 0, 
2006, Sands1, 9, 31.22, 9.68, 104, 270, 0, 
2007, Sands1, 9, 33.53, 10, 101, 268, 0, 
2008, Sands1, 9, 40.54, 9.41, 114, 264, 0, 
2009, Sands1, 9, 23.6, 9.55, 108, 263, 0, 
2010, Sands1, 9, 41.28, 10.53, 105, 264, 0, 
2011, Sands1, 9, 42.26, 10.74, 88, 263, 0, 
2012, Sands1, 9, 43.85, 10.14, 110, 273, 0, 
2013, Sands1, 9, 50.16, 10.27, 99, 265, 0, 
2014, Sands1, 9, 70.51, 9.96, 108, 260, 0, 
2015, Sands1, 9, 29.89, 10.63, 94, 261, 0, 
2016, Sands1, 9, 46.06, 10.71, 107, 272, 0, 
2017, Sands1, 9, 36.93, 10.62, 96, 260, 0, 
2018, Sands1, 9, 50.37, 10.4, 99, 264, 0, 
2019, Sands1, 9, 44.6, 10.82, 106, 288, 0, 
2020, Sands1, 9, 36.79, 10.42, 104, 270, 0, 
2021, Sands1, 9, 46.25, 10.36, 96, 270, 0, 
2022, Sands1, 9, 45.37, 10.76, 108, 273, 0, 
2023, Sands1, 9, 62.29, 10.09, 108, 262, 0, 
2024, Sands1, 9, 27.7, 10.88, 93, 273, 0, 
2025, Sands1, 9, 61.57, 10.52, 112, 275, 0, 
2026, Sands1, 9, 64.57, 11.51, 93, 291, 0, 
2027, Sands1, 9, 42.03, 10.08, 127, 276, 0, 
2028, Sands1, 9, 24.48, 11.45, 111, 286, 0, 
2029, Sands1, 9, 42.51, 11.31, 108, 268, 0, 
2030, Sands1, 9, 47.1, 10.86, 115, 284, 0, 
2031, Sands1, 9, 65.76, 9.75, 107, 260, 0, 
2032, Sands1, 9, 74, 10.63, 105, 291, 0, 
2033, Sands1, 9, 63.75, 11.84, 109, 272, 0, 
2034, Sands1, 9, 32.67, 10.56, 94, 271, 0, 
2035, Sands1, 9, 38.16, 10.65, 117, 264, 0, 
2036, Sands1, 9, 50.56, 10.78, 99, 260, 0, 
2037, Sands1, 9, 28.62, 12.94, 75, 266, 0, 
2038, Sands1, 9, 38.97, 12.26, 108, 270, 0, 
2039, Sands1, 9, 41.69, 11.98, 88, 276, 0, 
2040, Sands1, 9, 28.58, 11.68, 89, 291, 0, 
2041, Sands1, 9, 35.56, 11.75, 111, 291, 0, 
2042, Sands1, 9, 38.28, 11.18, 103, 287, 0, 
2043, Sands1, 9, 56.02, 12.09, 71, 268, 0, 
2044, Sands1, 9, 36.41, 12.49, 77, 275, 0, 
2045, Sands1, 9, 23.74, 11.83, 81, 291, 0, 
2046, Sands1, 9, 25.63, 12.77, 96, 269, 0, 
2047, Sands1, 9, 38.09, 11.83, 96, 276, 0, 
2048, Sands1, 9, 51.06, 11.7, 110, 269, 0, 
2049, Sands1, 9, 57.38, 12.64, 70, 286, 0, 
2050, Sands1, 9, 55.29, 12.32, 82, 291, 0, 
2051, Sands1, 9, 44.36, 12.7, 90, 273, 0, 
2052, Sands1, 9, 57.23, 13.05, 77, 269, 0, 
2053, Sands1, 9, 80.15, 12.45, 70, 291, 0, 
2054, Sands1, 9, 46.77, 13.01, 58, 278, 0, 
2055, Sands1, 9, 46.03, 11.75, 86, 282, 0, 
2056, Sands1, 9, 44.78, 12.34, 75, 291, 0, 
2057, Sands1, 9, 35.38, 12.66, 74, 291, 0, 
2058, Sands1, 9, 31.39, 13.79, 84, 274, 0, 
2059, Sands1, 9, 37.15, 13.51, 108, 281, 0, 
2060, Sands1, 9, 32.95, 13.18, 102, 280, 0, 
2061, Sands1, 9, 27.4, 13.11, 108, 291, 0, 
2062, Sands1, 9, 35.45, 13.01, 110, 291, 0, 
2063, Sands1, 9, 19.41, 14.42, 74, 286, 0, 
2064, Sands1, 9, 25.83, 14.09, 78, 273, 0, 
2065, Sands1, 9, 27.31, 13.55, 112, 284, 0, 
2066, Sands1, 9, 28.04, 14.01, 107, 286, 0, 
2067, Sands1, 9, 27.87, 14.52, 63, 291, 0, 
2068, Sands1, 9, 46.42, 13.49, 78, 291, 0, 
2069, Sands1, 9, 50.72, 13.64, 89, 294, 0, 
2070, Sands1, 9, 30.28, 13.35, 81, 269, 0, 
2071, Sands1, 9, 26.28, 14.65, 41, 290, 0, 
2072, Sands1, 9, 42.75, 14.51, 107, 297, 0, 
2073, Sands1, 9, 53.75, 13.65, 77, 275, 0, 
2074, Sands1, 9, 31.81, 14.47, 84, 291, 0, 
2075, Sands1, 9, 29.13, 15.15, 89, 291, 0, 
2076, Sands1, 9, 22.82, 14.96, 66, 273, 0, 
2077, Sands1, 9, 20.4, 14.92, 108, 281, 0, 
2078, Sands1, 9, 28.25, 15.27, 88, 292, 0, 
2079, Sands1, 9, 28.1, 15.23, 89, 282, 0, 
1980, Sands4, 10, 74.42, 4.81, 123, 260, 0, 
1981, Sands4, 10, 74.42, 4.83, 123, 260, 0, 
1982, Sands4, 10, 111.43, 3.39, 130, 260, 0, 
1983, Sands4, 10, 105.27, 3.82, 135, 263, 0, 
1984, Sands4, 10, 68.16, 3.74, 121, 260, 0, 
1985, Sands4, 10, 86.98, 3.82, 120, 253, 0, 
1986, Sands4, 10, 87.89, 4.33, 121, 260, 0, 
1987, Sands4, 10, 95.12, 3.58, 124, 274, 0, 
1988, Sands4, 10, 74.83, 4.2, 133, 257, 0, 
1989, Sands4, 10, 45.98, 4.83, 110, 260, 0, 
1990, Sands4, 10, 92.64, 4, 122, 260, 0, 
1991, Sands4, 10, 81.31, 3.85, 135, 267, 0, 
1992, Sands4, 10, 130.64, 3.81, 115, 269, 0, 
1993, Sands4, 10, 120.39, 4.13, 124, 259, 0, 
1994, Sands4, 10, 69.01, 4.45, 126, 260, 0, 
1995, Sands4, 10, 88.25, 4.66, 135, 260, 0, 
1996, Sands4, 10, 47.78, 5.18, 120, 260, 0, 
1997, Sands4, 10, 83.34, 4.2, 124, 260, 0, 
1998, Sands4, 10, 89.33, 3.53, 135, 260, 0, 
1999, Sands4, 10, 67.3, 4.67, 133, 260, 0, 
2000, Sands4, 10, 63.36, 5.22, 115, 260, 0, 
2001, Sands4, 10, 63.1, 4.78, 117, 269, 0, 
2002, Sands4, 10, 41.93, 4.98, 121, 260, 0, 
2003, Sands4, 10, 70.1, 5.37, 122, 283, 0, 
2004, Sands4, 10, 83.37, 4.37, 118, 260, 0, 
2005, Sands4, 10, 79.31, 4.85, 122, 264, 0, 
2006, Sands4, 10, 67.2, 4.84, 119, 256, 0, 
2007, Sands4, 10, 67.28, 5.08, 122, 263, 0, 
2008, Sands4, 10, 96.77, 4.51, 134, 260, 0, 
2009, Sands4, 10, 48.34, 4.72, 119, 260, 0, 
2010, Sands4, 10, 82.52, 5.34, 141, 260, 0, 
2011, Sands4, 10, 84.37, 5.55, 121, 260, 0, 
2012, Sands4, 10, 90.58, 4.89, 130, 260, 0, 
2013, Sands4, 10, 105.07, 5.05, 142, 260, 0, 
2014, Sands4, 10, 128.89, 4.74, 127, 260, 0, 
2015, Sands4, 10, 61.78, 5.53, 134, 248, 0, 
2016, Sands4, 10, 112.09, 5.53, 127, 260, 0, 
2017, Sands4, 10, 77.64, 5.53, 139, 260, 0, 
2018, Sands4, 10, 96.26, 5.23, 134, 253, 0, 
2019, Sands4, 10, 90.7, 5.58, 124, 258, 0, 
2020, Sands4, 10, 80.03, 5.35, 138, 260, 0, 
2021, Sands4, 10, 106.33, 5.14, 120, 251, 0, 
2022, Sands4, 10, 99.78, 5.67, 133, 260, 0, 
2023, Sands4, 10, 142.08, 4.91, 138, 252, 0, 
2024, Sands4, 10, 60.12, 5.68, 125, 260, 0, 
2025, Sands4, 10, 109.13, 5.42, 140, 260, 0, 
2026, Sands4, 10, 148.55, 6.35, 145, 278, 0, 
2027, Sands4, 10, 76.39, 4.95, 151, 240, 0, 
2028, Sands4, 10, 46.06, 6.28, 127, 258, 0, 
2029, Sands4, 10, 84.69, 6.07, 128, 250, 0, 
2030, Sands4, 10, 74.11, 5.68, 142, 262, 0, 
2031, Sands4, 10, 141.82, 4.58, 134, 245, 0, 
2032, Sands4, 10, 152.29, 5.48, 128, 276, 0, 
2033, Sands4, 10, 103.14, 6.65, 128, 260, 0, 
2034, Sands4, 10, 61.85, 5.41, 136, 260, 0, 
2035, Sands4, 10, 77.6, 5.45, 132, 260, 0, 
2036, Sands4, 10, 116.95, 5.61, 118, 260, 0, 
2037, Sands4, 10, 61.62, 7.72, 97, 260, 0, 
2038, Sands4, 10, 87.47, 7.16, 127, 260, 0, 
2039, Sands4, 10, 98.22, 6.88, 106, 252, 0, 
2040, Sands4, 10, 56.63, 6.48, 117, 259, 0, 
2041, Sands4, 10, 69.64, 6.54, 123, 280, 0, 
2042, Sands4, 10, 75.15, 5.99, 131, 269, 0, 
2043, Sands4, 10, 114.71, 6.95, 126, 260, 0, 
2044, Sands4, 10, 77.13, 7.4, 124, 260, 0, 
2045, Sands4, 10, 44.69, 6.68, 122, 273, 0, 
2046, Sands4, 10, 45.43, 7.6, 130, 260, 0, 
2047, Sands4, 10, 65.57, 6.65, 119, 262, 0, 
2048, Sands4, 10, 96.13, 6.63, 136, 260, 0, 
2049, Sands4, 10, 126.87, 7.39, 127, 270, 0, 
2050, Sands4, 10, 108.18, 7.18, 128, 291, 0, 
2051, Sands4, 10, 92.17, 7.58, 119, 258, 0, 
2052, Sands4, 10, 118.74, 7.87, 99, 260, 0, 
2053, Sands4, 10, 149.04, 7.28, 115, 283, 0, 
2054, Sands4, 10, 88.57, 7.96, 127, 261, 0, 
2055, Sands4, 10, 103.49, 6.6, 144, 265, 0, 
2056, Sands4, 10, 98.26, 7, 131, 284, 0, 
2057, Sands4, 10, 62.69, 7.41, 109, 282, 0, 
2058, Sands4, 10, 62.75, 8.69, 99, 263, 0, 
2059, Sands4, 10, 72.16, 8.37, 126, 266, 0, 
2060, Sands4, 10, 64.6, 8.09, 117, 264, 0, 
2061, Sands4, 10, 52.38, 8.01, 122, 285, 0, 
2062, Sands4, 10, 71.24, 7.91, 127, 275, 0, 
2063, Sands4, 10, 40.03, 9.34, 118, 273, 0, 
2064, Sands4, 10, 47.01, 9.01, 117, 261, 0, 
2065, Sands4, 10, 53.75, 8.42, 134, 272, 0, 
2066, Sands4, 10, 55.73, 8.94, 120, 275, 0, 
2067, Sands4, 10, 49.26, 9.4, 113, 291, 0, 
2068, Sands4, 10, 92.22, 8.34, 114, 291, 0, 
2069, Sands4, 10, 88.97, 8.54, 123, 291, 0, 
2070, Sands4, 10, 65.19, 8.23, 117, 260, 0, 
2071, Sands4, 10, 47.12, 9.51, 113, 277, 0, 
2072, Sands4, 10, 60.88, 9.45, 122, 287, 0, 
2073, Sands4, 10, 104.8, 8.49, 102, 260, 0, 
2074, Sands4, 10, 69.49, 9.34, 114, 288, 0, 
2075, Sands4, 10, 53.48, 10.03, 117, 282, 0, 
2076, Sands4, 10, 34.62, 9.87, 108, 262, 0, 
2077, Sands4, 10, 42.46, 9.83, 123, 270, 0, 
2078, Sands4, 10, 52.39, 10.15, 112, 291, 0, 
2079, Sands4, 10, 50.09, 10.05, 122, 271, 0, 
1980, Shallow3, 11, 55.11, 9.46, 99, 269, 0, 
1981, Shallow3, 11, 55.11, 9.49, 99, 269, 0, 
1982, Shallow3, 11, 90.71, 8.08, 110, 262, 0, 
1983, Shallow3, 11, 84.78, 8.46, 119, 279, 0, 
1984, Shallow3, 11, 50.58, 8.53, 110, 262, 0, 
1985, Shallow3, 11, 65.7, 8.57, 98, 285, 0, 
1986, Shallow3, 11, 61.75, 9.03, 97, 265, 0, 
1987, Shallow3, 11, 57.33, 8.34, 102, 291, 0, 
1988, Shallow3, 11, 51.64, 8.92, 106, 291, 0, 
1989, Shallow3, 11, 32.63, 9.54, 87, 274, 0, 
1990, Shallow3, 11, 58.3, 8.64, 95, 270, 0, 
1991, Shallow3, 11, 62.04, 8.58, 116, 283, 0, 
1992, Shallow3, 11, 83.52, 8.55, 93, 284, 0, 
1993, Shallow3, 11, 88.64, 8.83, 101, 277, 0, 
1994, Shallow3, 11, 48.33, 9.15, 101, 265, 0, 
1995, Shallow3, 11, 64.07, 9.44, 114, 268, 0, 
1996, Shallow3, 11, 34.41, 9.89, 104, 270, 0, 
1997, Shallow3, 11, 59.32, 9.03, 108, 266, 0, 
1998, Shallow3, 11, 71.31, 8.34, 120, 268, 0, 
1999, Shallow3, 11, 45.66, 9.31, 116, 272, 0, 
2000, Shallow3, 11, 48.7, 9.83, 97, 276, 0, 
2001, Shallow3, 11, 47.24, 9.56, 101, 285, 0, 
2002, Shallow3, 11, 29.69, 9.65, 97, 270, 0, 
2003, Shallow3, 11, 48.98, 10.08, 110, 291, 0, 
2004, Shallow3, 11, 72.77, 9.12, 82, 275, 0, 
2005, Shallow3, 11, 69.17, 9.56, 106, 281, 0, 
2006, Shallow3, 11, 36.61, 9.54, 103, 277, 0, 
2007, Shallow3, 11, 47.77, 9.85, 98, 274, 0, 
2008, Shallow3, 11, 67.87, 9.3, 110, 273, 0, 
2009, Shallow3, 11, 35, 9.47, 107, 266, 0, 
2010, Shallow3, 11, 67.62, 9.87, 111, 262, 0, 
2011, Shallow3, 11, 67.57, 10, 94, 262, 0, 
2012, Shallow3, 11, 66.88, 9.4, 112, 272, 0, 
2013, Shallow3, 11, 84.49, 9.53, 106, 265, 0, 
2014, Shallow3, 11, 101.95, 9.27, 109, 260, 0, 
2015, Shallow3, 11, 46.58, 9.92, 98, 260, 0, 
2016, Shallow3, 11, 86.17, 9.92, 111, 272, 0, 
2017, Shallow3, 11, 58.95, 9.92, 98, 260, 0, 
2018, Shallow3, 11, 73.59, 9.71, 103, 264, 0, 
2019, Shallow3, 11, 64.56, 10.03, 109, 289, 0, 
2020, Shallow3, 11, 57.66, 9.68, 110, 268, 0, 
2021, Shallow3, 11, 80.83, 9.57, 101, 269, 0, 
2022, Shallow3, 11, 83.53, 10.16, 112, 274, 0, 
2023, Shallow3, 11, 108.46, 9.38, 112, 261, 0, 
2024, Shallow3, 11, 46.15, 10.2, 96, 272, 0, 
2025, Shallow3, 11, 86.47, 9.81, 118, 274, 0, 
2026, Shallow3, 11, 114, 10.76, 97, 291, 0, 
2027, Shallow3, 11, 55.22, 9.4, 133, 257, 0, 
2028, Shallow3, 11, 34.43, 10.86, 113, 287, 0, 
2029, Shallow3, 11, 64.54, 10.63, 113, 268, 0, 
2030, Shallow3, 11, 57.45, 10.26, 120, 285, 0, 
2031, Shallow3, 11, 106.76, 9.05, 111, 260, 0, 
2032, Shallow3, 11, 122.2, 9.9, 108, 291, 0, 
2033, Shallow3, 11, 82.99, 11.18, 110, 270, 0, 
2034, Shallow3, 11, 46.48, 9.85, 99, 270, 0, 
2035, Shallow3, 11, 57.33, 9.92, 120, 262, 0, 
2036, Shallow3, 11, 86.34, 10.06, 103, 260, 0, 
2037, Shallow3, 11, 44.52, 12.22, 77, 264, 0, 
2038, Shallow3, 11, 63.98, 11.55, 111, 269, 0, 
2039, Shallow3, 11, 77.02, 11.29, 90, 274, 0, 
2040, Shallow3, 11, 42.49, 10.97, 91, 291, 0, 
2041, Shallow3, 11, 56.01, 11.01, 112, 291, 0, 
2042, Shallow3, 11, 59.87, 10.52, 104, 287, 0, 
2043, Shallow3, 11, 87.78, 11.38, 79, 267, 0, 
2044, Shallow3, 11, 58.8, 11.82, 108, 275, 0, 
2045, Shallow3, 11, 32.73, 11.11, 97, 291, 0, 
2046, Shallow3, 11, 34.37, 12.1, 105, 267, 0, 
2047, Shallow3, 11, 52.23, 11.18, 100, 275, 0, 
2048, Shallow3, 11, 74.71, 11, 117, 268, 0, 
2049, Shallow3, 11, 103.1, 11.83, 72, 285, 0, 
2050, Shallow3, 11, 79.26, 11.62, 90, 294, 0, 
2051, Shallow3, 11, 66.14, 12.03, 92, 272, 0, 
2052, Shallow3, 11, 89.62, 12.28, 79, 268, 0, 
2053, Shallow3, 11, 116.21, 11.7, 73, 291, 0, 
2054, Shallow3, 11, 66.97, 12.36, 108, 275, 0, 
2055, Shallow3, 11, 70.81, 11.04, 89, 283, 0, 
2056, Shallow3, 11, 75.23, 11.46, 94, 291, 0, 
2057, Shallow3, 11, 47.96, 11.89, 78, 291, 0, 
2058, Shallow3, 11, 47.28, 13.13, 85, 273, 0, 
2059, Shallow3, 11, 48.98, 12.84, 110, 280, 0, 
2060, Shallow3, 11, 46.59, 12.52, 104, 280, 0, 
2061, Shallow3, 11, 39.46, 12.45, 109, 291, 0, 
2062, Shallow3, 11, 50.75, 12.32, 113, 291, 0, 
2063, Shallow3, 11, 30.54, 13.71, 78, 288, 0, 
2064, Shallow3, 11, 36.97, 13.43, 83, 274, 0, 
2065, Shallow3, 11, 38.32, 12.85, 114, 286, 0, 
2066, Shallow3, 11, 42.14, 13.37, 109, 288, 0, 
2067, Shallow3, 11, 40.35, 13.86, 63, 293, 0, 
2068, Shallow3, 11, 69.63, 12.74, 85, 291, 0, 
2069, Shallow3, 11, 64.87, 12.99, 92, 296, 0, 
2070, Shallow3, 11, 47.5, 12.67, 85, 269, 0, 
2071, Shallow3, 11, 38.94, 14.07, 38, 305, 0, 
2072, Shallow3, 11, 47, 13.89, 109, 298, 0, 
2073, Shallow3, 11, 81.88, 12.94, 78, 275, 0, 
2074, Shallow3, 11, 50.31, 13.67, 91, 291, 0, 
2075, Shallow3, 11, 38.31, 14.45, 94, 291, 0, 
2076, Shallow3, 11, 28.17, 14.33, 67, 271, 0, 
2077, Shallow3, 11, 32.95, 14.24, 110, 283, 0, 
2078, Shallow3, 11, 35.71, 14.59, 91, 292, 0, 
2079, Shallow3, 11, 40.38, 14.53, 94, 282, 0, 
1980, Shallow2, 12, 44.5, 9.13, 107, 264, 0, 
1981, Shallow2, 12, 44.5, 9.15, 107, 264, 0, 
1982, Shallow2, 12, 64.64, 7.75, 119, 260, 0, 
1983, Shallow2, 12, 64.12, 8.22, 128, 273, 0, 
1984, Shallow2, 12, 40.45, 8.22, 116, 260, 0, 
1985, Shallow2, 12, 51.52, 8.25, 107, 277, 0, 
1986, Shallow2, 12, 49.83, 8.71, 110, 260, 0, 
1987, Shallow2, 12, 52.24, 8, 111, 290, 0, 
1988, Shallow2, 12, 41.29, 8.57, 117, 257, 0, 
1989, Shallow2, 12, 27.38, 9.13, 98, 266, 0, 
1990, Shallow2, 12, 50.77, 8.3, 102, 263, 0, 
1991, Shallow2, 12, 50.21, 8.22, 128, 273, 0, 
1992, Shallow2, 12, 71.96, 8.25, 102, 275, 0, 
1993, Shallow2, 12, 70.86, 8.48, 111, 270, 0, 
1994, Shallow2, 12, 41.38, 8.82, 112, 260, 0, 
1995, Shallow2, 12, 50.4, 9.09, 122, 260, 0, 
1996, Shallow2, 12, 27.34, 9.54, 112, 263, 0, 
1997, Shallow2, 12, 47.02, 8.68, 113, 262, 0, 
1998, Shallow2, 12, 56.44, 8.02, 127, 262, 0, 
1999, Shallow2, 12, 37.68, 8.94, 123, 262, 0, 
2000, Shallow2, 12, 37.01, 9.51, 105, 272, 0, 
2001, Shallow2, 12, 35.55, 9.23, 108, 276, 0, 
2002, Shallow2, 12, 22.04, 9.3, 102, 266, 0, 
2003, Shallow2, 12, 35.46, 9.76, 116, 286, 0, 
2004, Shallow2, 12, 56.26, 8.8, 106, 271, 0, 
2005, Shallow2, 12, 58.84, 9.23, 112, 274, 0, 
2006, Shallow2, 12, 35.05, 9.2, 109, 268, 0, 
2007, Shallow2, 12, 36.39, 9.5, 109, 267, 0, 
2008, Shallow2, 12, 56.54, 8.97, 120, 264, 0, 
2009, Shallow2, 12, 27.63, 9.1, 112, 261, 0, 
2010, Shallow2, 12, 58.5, 10.55, 105, 264, 0, 
2011, Shallow2, 12, 57.18, 10.71, 86, 265, 0, 
2012, Shallow2, 12, 59.24, 10.07, 109, 273, 0, 
2013, Shallow2, 12, 70.7, 10.26, 99, 267, 0, 
2014, Shallow2, 12, 87.79, 9.96, 107, 261, 0, 
2015, Shallow2, 12, 40.93, 10.65, 94, 262, 0, 
2016, Shallow2, 12, 73.41, 10.65, 107, 275, 0, 
2017, Shallow2, 12, 50.85, 10.67, 93, 260, 0, 
2018, Shallow2, 12, 64.38, 10.45, 96, 267, 0, 
2019, Shallow2, 12, 55.68, 10.77, 106, 291, 0, 
2020, Shallow2, 12, 51.43, 10.42, 104, 271, 0, 
2021, Shallow2, 12, 71.41, 10.3, 95, 275, 0, 
2022, Shallow2, 12, 69.6, 10.88, 108, 277, 0, 
2023, Shallow2, 12, 95.06, 10.07, 107, 265, 0, 
2024, Shallow2, 12, 40.16, 10.86, 92, 275, 0, 
2025, Shallow2, 12, 76.25, 10.56, 112, 278, 0, 
2026, Shallow2, 12, 96.95, 11.5, 92, 291, 0, 
2027, Shallow2, 12, 48.96, 10.12, 128, 279, 0, 
2028, Shallow2, 12, 30.48, 11.53, 112, 291, 0, 
2029, Shallow2, 12, 54.99, 11.32, 110, 272, 0, 
2030, Shallow2, 12, 52, 10.94, 115, 288, 0, 
2031, Shallow2, 12, 94.22, 9.76, 107, 261, 0, 
2032, Shallow2, 12, 102.57, 10.63, 103, 291, 0, 
2033, Shallow2, 12, 73.52, 11.88, 107, 273, 0, 
2034, Shallow2, 12, 40.84, 10.56, 95, 273, 0, 
2035, Shallow2, 12, 49.28, 10.62, 118, 264, 0, 
2036, Shallow2, 12, 76.01, 10.75, 98, 260, 0, 
2037, Shallow2, 12, 40.5, 12.93, 73, 266, 0, 
2038, Shallow2, 12, 57.06, 12.28, 108, 271, 0, 
2039, Shallow2, 12, 64.13, 12.01, 86, 279, 0, 
2040, Shallow2, 12, 37.58, 11.68, 87, 291, 0, 
2041, Shallow2, 12, 47.21, 11.74, 111, 291, 0, 
2042, Shallow2, 12, 50.78, 11.22, 101, 291, 0, 
2043, Shallow2, 12, 76.95, 12.06, 68, 268, 0, 
2044, Shallow2, 12, 52.9, 12.55, 105, 278, 0, 
2045, Shallow2, 12, 30.41, 11.82, 74, 295, 0, 
2046, Shallow2, 12, 30.34, 12.81, 87, 270, 0, 
2047, Shallow2, 12, 48.8, 11.89, 94, 276, 0, 
2048, Shallow2, 12, 68.09, 11.73, 113, 270, 0, 
2049, Shallow2, 12, 83.75, 12.55, 68, 289, 0, 
2050, Shallow2, 12, 67.7, 12.3, 79, 295, 0, 
2051, Shallow2, 12, 59.8, 12.74, 88, 275, 0, 
2052, Shallow2, 12, 77.62, 13, 75, 270, 0, 
2053, Shallow2, 12, 101.02, 12.42, 66, 291, 0, 
2054, Shallow2, 12, 60.26, 13.1, 53, 278, 0, 
2055, Shallow2, 12, 64.49, 11.71, 84, 284, 0, 
2056, Shallow2, 12, 66.4, 12.14, 80, 291, 0, 
2057, Shallow2, 12, 43.38, 12.57, 72, 291, 0, 
2058, Shallow2, 12, 43.44, 13.85, 83, 275, 0, 
2059, Shallow2, 12, 44.3, 13.52, 107, 283, 0, 
2060, Shallow2, 12, 39.52, 13.21, 101, 281, 0, 
2061, Shallow2, 12, 36.3, 13.1, 108, 291, 0, 
2062, Shallow2, 12, 45.93, 13.03, 111, 291, 0, 
2063, Shallow2, 12, 25.74, 14.48, 72, 316, 0, 
2064, Shallow2, 12, 31.97, 14.15, 72, 277, 0, 
2065, Shallow2, 12, 31.43, 13.59, 111, 289, 0, 
2066, Shallow2, 12, 37.17, 14.08, 107, 291, 0, 
2067, Shallow2, 12, 38.68, 14.57, 59, 296, 0, 
2068, Shallow2, 12, 63.4, 13.46, 73, 291, 0, 
2069, Shallow2, 12, 60.07, 13.7, 88, 297, 0, 
2070, Shallow2, 12, 42.01, 13.35, 79, 271, 0, 
2071, Shallow2, 12, 34.41, 14.75, 36, 307, 0, 
2072, Shallow2, 12, 44.56, 14.62, 106, 301, 0, 
2073, Shallow2, 12, 72.53, 13.65, 73, 277, 0, 
2074, Shallow2, 12, 44.58, 14.39, 84, 291, 0, 
2075, Shallow2, 12, 35.08, 15.18, 86, 291, 0, 
2076, Shallow2, 12, 24.11, 15.04, 61, 274, 0, 
2077, Shallow2, 12, 27.53, 14.96, 108, 285, 0, 
2078, Shallow2, 12, 32.98, 15.31, 86, 295, 0, 
2079, Shallow2, 12, 34.97, 15.2, 86, 284, 0, 
1980, Shallow1, 13, 29.26, 8.85, 114, 263, 0, 
1981, Shallow1, 13, 29.26, 8.88, 114, 263, 0, 
1982, Shallow1, 13, 42.51, 7.33, 124, 260, 0, 
1983, Shallow1, 13, 44.1, 7.83, 134, 271, 0, 
1984, Shallow1, 13, 27.45, 7.83, 119, 260, 0, 
1985, Shallow1, 13, 36.2, 7.93, 113, 259, 0, 
1986, Shallow1, 13, 33.8, 8.46, 118, 255, 0, 
1987, Shallow1, 13, 42.04, 7.78, 116, 291, 0, 
1988, Shallow1, 13, 32.34, 8.28, 123, 257, 0, 
1989, Shallow1, 13, 16.35, 8.78, 103, 264, 0, 
1990, Shallow1, 13, 37.54, 8.07, 108, 263, 0, 
1991, Shallow1, 13, 31.22, 7.91, 135, 273, 0, 
1992, Shallow1, 13, 49.44, 8.02, 106, 278, 0, 
1993, Shallow1, 13, 47.67, 8.06, 117, 269, 0, 
1994, Shallow1, 13, 31.62, 8.56, 117, 260, 0, 
1995, Shallow1, 13, 40.01, 8.76, 128, 261, 0, 
1996, Shallow1, 13, 21.12, 9.23, 116, 262, 0, 
1997, Shallow1, 13, 34.2, 8.41, 116, 262, 0, 
1998, Shallow1, 13, 40.94, 7.73, 131, 262, 0, 
1999, Shallow1, 13, 32.39, 8.64, 128, 264, 0, 
2000, Shallow1, 13, 29.24, 9.23, 108, 271, 0, 
2001, Shallow1, 13, 30.46, 8.95, 113, 275, 0, 
2002, Shallow1, 13, 18.21, 9.02, 111, 265, 0, 
2003, Shallow1, 13, 29.82, 9.48, 119, 290, 0, 
2004, Shallow1, 13, 51.3, 8.5, 112, 270, 0, 
2005, Shallow1, 13, 45.36, 8.93, 117, 275, 0, 
2006, Shallow1, 13, 29.09, 8.85, 112, 267, 0, 
2007, Shallow1, 13, 30.22, 9.31, 113, 266, 0, 
2008, Shallow1, 13, 42.04, 8.6, 128, 265, 0, 
2009, Shallow1, 13, 24.46, 8.79, 114, 260, 0, 
2010, Shallow1, 13, 37.08, 10.32, 100, 265, 0, 
2011, Shallow1, 13, 40.39, 10.52, 83, 264, 0, 
2012, Shallow1, 13, 47.81, 9.94, 109, 277, 0, 
2013, Shallow1, 13, 46.32, 10.15, 97, 267, 0, 
2014, Shallow1, 13, 59.48, 9.88, 111, 264, 0, 
2015, Shallow1, 13, 28.13, 10.63, 91, 264, 0, 
2016, Shallow1, 13, 44.94, 10.64, 102, 274, 0, 
2017, Shallow1, 13, 37.99, 10.44, 93, 260, 0, 
2018, Shallow1, 13, 49.86, 10.27, 96, 266, 0, 
2019, Shallow1, 13, 38.26, 10.73, 103, 291, 0, 
2020, Shallow1, 13, 38.13, 10.31, 98, 272, 0, 
2021, Shallow1, 13, 41.6, 10.32, 93, 276, 0, 
2022, Shallow1, 13, 47.57, 10.61, 106, 275, 0, 
2023, Shallow1, 13, 52.73, 10.02, 106, 265, 0, 
2024, Shallow1, 13, 27.38, 10.67, 92, 278, 0, 
2025, Shallow1, 13, 53.45, 10.5, 110, 277, 0, 
2026, Shallow1, 13, 63.96, 11.47, 89, 291, 0, 
2027, Shallow1, 13, 39.32, 10, 121, 280, 0, 
2028, Shallow1, 13, 21.16, 11.24, 112, 291, 0, 
2029, Shallow1, 13, 38.28, 11.16, 94, 271, 0, 
2030, Shallow1, 13, 41.81, 10.67, 117, 288, 0, 
2031, Shallow1, 13, 70.92, 9.63, 106, 261, 0, 
2032, Shallow1, 13, 69.52, 10.56, 104, 291, 0, 
2033, Shallow1, 13, 56.47, 11.59, 109, 277, 0, 
2034, Shallow1, 13, 34.03, 10.48, 90, 274, 0, 
2035, Shallow1, 13, 38.18, 10.51, 114, 268, 0, 
2036, Shallow1, 13, 48.13, 10.75, 96, 260, 0, 
2037, Shallow1, 13, 26.05, 12.81, 72, 269, 0, 
2038, Shallow1, 13, 39.56, 12.05, 105, 272, 0, 
2039, Shallow1, 13, 40.46, 11.86, 86, 279, 0, 
2040, Shallow1, 13, 27.39, 11.46, 93, 291, 0, 
2041, Shallow1, 13, 33.52, 11.63, 113, 291, 0, 
2042, Shallow1, 13, 34.27, 11.03, 102, 291, 0, 
2043, Shallow1, 13, 52.39, 11.9, 69, 269, 0, 
2044, Shallow1, 13, 33.27, 12.42, 72, 280, 0, 
2045, Shallow1, 13, 23.88, 11.67, 74, 292, 0, 
2046, Shallow1, 13, 24.16, 12.59, 94, 272, 0, 
2047, Shallow1, 13, 37.68, 11.61, 99, 279, 0, 
2048, Shallow1, 13, 49.31, 11.67, 105, 270, 0, 
2049, Shallow1, 13, 54.07, 12.53, 68, 292, 0, 
2050, Shallow1, 13, 52.82, 12.18, 71, 293, 0, 
2051, Shallow1, 13, 50.69, 12.55, 88, 274, 0, 
2052, Shallow1, 13, 51.46, 12.95, 77, 273, 0, 
2053, Shallow1, 13, 79.63, 12.41, 66, 291, 0, 
2054, Shallow1, 13, 47.85, 12.99, 55, 283, 0, 
2055, Shallow1, 13, 48.93, 11.65, 83, 284, 0, 
2056, Shallow1, 13, 48.16, 12.31, 71, 291, 0, 
2057, Shallow1, 13, 34.3, 12.58, 73, 291, 0, 
2058, Shallow1, 13, 29.56, 13.68, 83, 276, 0, 
2059, Shallow1, 13, 36.24, 13.3, 108, 287, 0, 
2060, Shallow1, 13, 30.93, 13.04, 103, 281, 0, 
2061, Shallow1, 13, 24.41, 12.95, 110, 291, 0, 
2062, Shallow1, 13, 29.65, 12.88, 108, 291, 0, 
2063, Shallow1, 13, 19.95, 14.32, 71, 288, 0, 
2064, Shallow1, 13, 22.7, 13.98, 75, 278, 0, 
2065, Shallow1, 13, 22.71, 13.42, 110, 287, 0, 
2066, Shallow1, 13, 28.7, 13.94, 106, 288, 0, 
2067, Shallow1, 13, 29.28, 14.42, 64, 294, 0, 
2068, Shallow1, 13, 46.69, 13.46, 67, 291, 0, 
2069, Shallow1, 13, 46.58, 13.6, 88, 298, 0, 
2070, Shallow1, 13, 30.74, 13.26, 75, 271, 0, 
2071, Shallow1, 13, 25.85, 14.38, 42, 306, 0, 
2072, Shallow1, 13, 48.15, 14.43, 105, 300, 0, 
2073, Shallow1, 13, 55.42, 13.61, 71, 277, 0, 
2074, Shallow1, 13, 35.15, 14.43, 76, 291, 0, 
2075, Shallow1, 13, 26.87, 15.04, 85, 291, 0, 
2076, Shallow1, 13, 21.83, 14.85, 66, 277, 0, 
2077, Shallow1, 13, 19.88, 14.82, 107, 282, 0, 
2078, Shallow1, 13, 29.54, 15.17, 86, 295, 0, 
2079, Shallow1, 13, 26.62, 15.06, 86, 285, 0, 
