Time,ManagementArea,Prescription,HarvestedSites,TotalCohortsCompleteHarvest,TotalCohortsPartialHarvest,TotalBiomassHarvested,CohortsHarvested_AbieConc,CohortsHarvested_AbieLasi,CohortsHarvested_JuniOste,CohortsHarvested_PiceEnge,CohortsHarvested_PicePung,CohortsHarvested_PinuPond,CohortsHarvested_PinuEdul,CohortsHarvested_PopuTrem,CohortsHarvested_PseuMenz,CohortsHarvested_QuerGamb,BiomassHarvestedMg_AbieConc,BiomassHarvestedMg_AbieLasi,BiomassHarvestedMg_JuniOste,BiomassHarvestedMg_PiceEnge,BiomassHarvestedMg_PicePung,BiomassHarvestedMg_PinuPond,BiomassHarvestedMg_PinuEdul,BiomassHarvestedMg_PopuTrem,BiomassHarvestedMg_PseuMenz,BiomassHarvestedMg_QuerGamb,
1, 5, Grassland, 105, 524, 0, 7717.54, 48, 0, 20, 0, 0, 345, 0, 0, 16, 95, 824.21, 0, 80.64, 0, 0, 5051.67, 0, 0, 304.04, 1456.98, 
1, 6, Savanna, 87, 47, 189, 1562.3, 6, 0, 53, 0, 0, 145, 20, 0, 12, 0, 108.14, 0, 255.71, 0, 0, 861.24, 126.77, 0, 210.44, 0, 
1, 1, UEA10, 203, 0, 929, 4090.48, 2, 0, 0, 0, 0, 915, 0, 0, 12, 0, 3.65, 0, 0, 0, 0, 4013.27, 0, 0, 73.56, 0, 
1, 1, IT10, 93, 0, 179, 659.67, 0, 0, 0, 0, 0, 172, 0, 0, 7, 0, 0, 0, 0, 0, 0, 561.25, 0, 0, 98.42, 0, 
1, 1, SI10, 25, 0, 44, 137.07, 0, 0, 0, 0, 0, 44, 0, 0, 0, 0, 0, 0, 0, 0, 0, 137.07, 0, 0, 0, 0, 
1, 1, RxOnlyInitial, 1091, 0, 2922, 4934.38, 70, 2, 147, 0, 2, 1164, 21, 343, 201, 972, 36.01, 0.76, 163.74, 0, 1.64, 1310.39, 5.41, 670.41, 146.83, 2599.19, 
1, 2, UEA25, 400, 0, 1715, 5266.07, 3, 0, 0, 0, 0, 1689, 0, 0, 23, 0, 0.06, 0, 0, 0, 0, 5096.29, 0, 0, 169.72, 0, 
1, 2, IT25, 139, 0, 237, 571.15, 0, 0, 0, 0, 0, 232, 0, 0, 5, 0, 0, 0, 0, 0, 0, 561.54, 0, 0, 9.61, 0, 
1, 2, SI25, 82, 0, 144, 559.49, 0, 0, 0, 0, 0, 140, 0, 0, 4, 0, 0, 0, 0, 0, 0, 528.19, 0, 0, 31.3, 0, 
1, 2, RxOnlyInitial, 2049, 0, 6820, 13596.02, 100, 5, 1065, 25, 0, 1665, 282, 338, 108, 3232, 83.06, 1.5, 1077.38, 8.5, 0, 2415.76, 360.5, 862.52, 80.94, 8705.86, 
1, 3, UEA40, 70, 0, 208, 1339.32, 0, 0, 0, 0, 0, 208, 0, 0, 0, 0, 0, 0, 0, 0, 0, 1339.32, 0, 0, 0, 0, 
1, 3, IT40, 32, 0, 51, 169.67, 0, 0, 0, 0, 0, 51, 0, 0, 0, 0, 0, 0, 0, 0, 0, 169.67, 0, 0, 0, 0, 
1, 3, SI40, 11, 0, 15, 130.76, 0, 0, 0, 0, 0, 15, 0, 0, 0, 0, 0, 0, 0, 0, 0, 130.76, 0, 0, 0, 0, 
1, 3, RxOnlyInitial, 331, 0, 1434, 2133.39, 0, 0, 327, 0, 0, 226, 215, 0, 16, 650, 0, 0, 320.81, 0, 0, 237.98, 254.21, 0, 3.04, 1317.35, 
1, 4, RxOnlyInitial, 147, 0, 571, 1013.04, 41, 4, 90, 5, 0, 137, 62, 30, 50, 152, 48, 1.35, 87.44, 1.68, 0, 227.57, 55.22, 60.71, 33.18, 497.89, 
2, 5, Grassland, 115, 393, 0, 687.87, 0, 0, 44, 0, 0, 304, 0, 0, 0, 45, 0, 0, 157.18, 0, 0, 72.75, 0, 0, 0, 457.94, 
2, 6, Savanna, 88, 31, 144, 1166.09, 6, 0, 70, 0, 0, 69, 6, 0, 24, 0, 1.02, 0, 506.63, 0, 0, 50.29, 105.58, 0, 502.57, 0, 
2, 1, UEA10, 203, 0, 391, 301.18, 0, 0, 0, 0, 0, 350, 0, 0, 41, 0, 0, 0, 0, 0, 0, 58.82, 0, 0, 242.36, 0, 
2, 1, IT10, 94, 0, 121, 67.17, 0, 0, 0, 0, 0, 103, 0, 0, 18, 0, 0, 0, 0, 0, 0, 61.84, 0, 0, 5.33, 0, 
2, 1, SI10, 24, 0, 24, 9.51, 0, 0, 0, 0, 0, 24, 0, 0, 0, 0, 0, 0, 0, 0, 0, 9.51, 0, 0, 0, 0, 
2, 1, RxOnlyInitial, 1092, 0, 2864, 4273.47, 247, 0, 141, 0, 0, 49, 37, 197, 380, 1813, 83.2, 0, 82.75, 0, 0, 17.01, 29.95, 87.63, 180.38, 3792.55, 
2, 2, UEA25, 403, 0, 733, 609.53, 25, 0, 0, 0, 0, 657, 0, 0, 51, 0, 185.35, 0, 0, 0, 0, 214.74, 0, 0, 209.44, 0, 
2, 2, IT25, 139, 5, 149, 189.28, 0, 0, 0, 5, 0, 138, 0, 0, 11, 0, 0, 0, 0, 102.5, 0, 60.71, 0, 0, 26.07, 0, 
2, 2, SI25, 82, 0, 105, 52.97, 0, 0, 0, 0, 0, 105, 0, 0, 0, 0, 0, 0, 0, 0, 0, 52.97, 0, 0, 0, 0, 
2, 2, RxOnlyInitial, 2050, 0, 5944, 11159.96, 213, 0, 901, 24, 0, 88, 886, 108, 137, 3587, 117.87, 0, 742.21, 5.28, 0, 22.95, 961.4, 6.7, 30.1, 9273.45, 
2, 3, UEA40, 71, 0, 121, 31.9, 0, 0, 0, 0, 0, 121, 0, 0, 0, 0, 0, 0, 0, 0, 0, 31.9, 0, 0, 0, 0, 
2, 3, IT40, 34, 2, 58, 34.22, 0, 0, 0, 0, 0, 60, 0, 0, 0, 0, 0, 0, 0, 0, 0, 34.22, 0, 0, 0, 0, 
2, 3, SI40, 12, 0, 12, 8.92, 0, 0, 0, 0, 0, 12, 0, 0, 0, 0, 0, 0, 0, 0, 0, 8.92, 0, 0, 0, 0, 
2, 3, RxOnlyInitial, 328, 0, 1347, 1792.44, 23, 0, 264, 0, 0, 7, 348, 0, 12, 693, 15.31, 0, 225.73, 0, 0, 2.87, 486.22, 0, 33.11, 1029.2, 
2, 4, RxOnlyInitial, 148, 0, 445, 687.07, 52, 3, 50, 9, 0, 1, 72, 20, 52, 186, 33.65, 0.65, 37.82, 3.35, 0, 0.45, 67.82, 0.7, 19.07, 523.56, 
3, 5, Grassland, 152, 443, 0, 14.76, 0, 0, 28, 0, 0, 386, 28, 0, 0, 1, 0, 0, 4.74, 0, 0, 0.33, 9.19, 0, 0, 0.5, 
3, 6, Savanna, 88, 102, 120, 1746.83, 28, 0, 105, 0, 0, 3, 22, 0, 64, 0, 97.07, 0, 489.18, 0, 0, 0.12, 46.13, 0, 1114.33, 0, 
3, 1, UEA10, 203, 2, 255, 774.569999999999, 30, 0, 0, 0, 0, 122, 0, 0, 105, 0, 21.75, 0, 0, 0, 0, 2.99, 0, 0, 749.83, 0, 
3, 1, IT10, 95, 0, 136, 199.27, 11, 0, 0, 0, 0, 71, 0, 0, 54, 0, 8.89, 0, 0, 0, 0, 1.47, 0, 0, 188.91, 0, 
3, 1, SI10, 24, 0, 25, 3.46, 0, 0, 0, 0, 0, 17, 0, 0, 8, 0, 0, 0, 0, 0, 0, 0.26, 0, 0, 3.2, 0, 
3, 1, RxOnlyInitial, 1094, 0, 2249, 2546.85, 161, 0, 264, 0, 0, 4, 104, 181, 264, 1271, 81.18, 0, 154.73, 0, 0, 0.04, 98.91, 37.41, 176.31, 1998.27, 
3, 2, UEA25, 418, 0, 659, 2237.04, 60, 0, 0, 0, 0, 165, 0, 0, 434, 0, 337.03, 0, 0, 0, 0, 3.5, 0, 0, 1896.51, 0, 
3, 2, IT25, 139, 16, 191, 607.97, 29, 0, 0, 15, 0, 38, 0, 0, 125, 0, 7.02, 0, 0, 312.99, 0, 1.33, 0, 0, 286.63, 0, 
3, 2, SI25, 80, 11, 100, 497.72, 12, 0, 0, 11, 0, 41, 0, 0, 47, 0, 1.93, 0, 0, 229.73, 0, 0.85, 0, 0, 265.21, 0, 
3, 2, RxOnlyInitial, 2055, 0, 5126, 6791.81, 104, 0, 1008, 0, 0, 2, 1078, 76, 63, 2795, 58.72, 0, 763.67, 0, 0, 0.03, 1220.48, 3.47, 18.88, 4726.56, 
3, 3, UEA40, 86, 0, 157, 2155.44, 0, 0, 0, 0, 0, 14, 0, 0, 143, 0, 0, 0, 0, 0, 0, 0.48, 0, 0, 2154.96, 0, 
3, 3, IT40, 28, 22, 7, 0.43, 0, 0, 0, 0, 0, 29, 0, 0, 0, 0, 0, 0, 0, 0, 0, 0.43, 0, 0, 0, 0, 
3, 3, SI40, 9, 0, 9, 0.34, 0, 0, 0, 0, 0, 9, 0, 0, 0, 0, 0, 0, 0, 0, 0, 0.34, 0, 0, 0, 0, 
3, 3, RxOnlyInitial, 332, 0, 1032, 1292.19, 0, 0, 256, 0, 0, 0, 286, 0, 0, 490, 0, 0, 228, 0, 0, 0, 359.19, 0, 0, 705, 
3, 4, RxOnlyInitial, 148, 0, 499, 731.64, 49, 0, 61, 2, 0, 0, 75, 19, 62, 231, 34.02, 0, 32.83, 2.52, 0, 0, 52.13, 1.19, 24.02, 584.93, 
4, 5, Grassland, 144, 820, 0, 2341.08, 0, 2, 0, 0, 0, 545, 0, 0, 2, 271, 0, 0.88, 0, 0, 0, 11.94, 0, 0, 0.98, 2327.28, 
4, 6, Savanna, 89, 105, 119, 1285.19, 10, 0, 125, 0, 0, 39, 25, 0, 25, 0, 53.95, 0, 694.51, 0, 0, 0.39, 54.05, 0, 482.29, 0, 
4, 1, UEA10, 204, 3, 472, 209.89, 5, 0, 0, 0, 0, 439, 0, 0, 31, 0, 1.49, 0, 0, 0, 0, 5.87, 0, 0, 202.53, 0, 
4, 1, IT10, 93, 6, 115, 3.68, 0, 0, 0, 0, 0, 121, 0, 0, 0, 0, 0, 0, 0, 0, 0, 3.68, 0, 0, 0, 0, 
4, 1, SI10, 37, 0, 37, 6.87, 9, 0, 0, 0, 0, 28, 0, 0, 0, 0, 5.85, 0, 0, 0, 0, 1.02, 0, 0, 0, 0, 
4, 1, RxOnlyInitial, 1093, 0, 1908, 1548.37, 22, 0, 238, 0, 0, 446, 134, 0, 22, 1046, 3.42, 0, 192.86, 0, 0, 6.28999999999999, 141.4, 0, 8.86, 1195.54, 
4, 2, UEA25, 403, 0, 493, 47.88, 0, 0, 0, 0, 0, 485, 0, 0, 8, 0, 0, 0, 0, 0, 0, 9.74, 0, 0, 38.14, 0, 
4, 2, IT25, 147, 27, 164, 55.01, 7, 0, 0, 23, 0, 154, 0, 0, 7, 0, 6.04, 0, 0, 38.87, 0, 3.17, 0, 0, 6.93, 0, 
4, 2, SI25, 100, 0, 107, 131.24, 0, 0, 0, 0, 0, 32, 0, 0, 75, 0, 0, 0, 0, 0, 0, 1.44, 0, 0, 129.8, 0, 
4, 2, RxOnlyInitial, 2055, 0, 4977, 4848.97, 24, 0, 1207, 0, 0, 341, 1109, 11, 80, 2205, 7.79, 0, 844.02, 0, 0, 4.73, 1099.79, 1.22, 55.53, 2835.89, 
4, 3, UEA40, 72, 4, 194, 671.29, 0, 0, 0, 0, 0, 126, 0, 0, 72, 0, 0, 0, 0, 0, 0, 2.9, 0, 0, 668.39, 0, 
4, 3, IT40, 56, 9, 71, 363.59, 0, 0, 0, 0, 0, 32, 0, 0, 48, 0, 0, 0, 0, 0, 0, 0.73, 0, 0, 362.86, 0, 
4, 3, SI40, 15, 0, 36, 205.56, 0, 0, 0, 0, 0, 18, 0, 0, 18, 0, 0, 0, 0, 0, 0, 0.18, 0, 0, 205.38, 0, 
4, 3, RxOnlyInitial, 334, 0, 1067, 1042.81, 0, 0, 263, 0, 0, 29, 151, 0, 18, 606, 0, 0, 172.9, 0, 0, 0.6, 157.86, 0, 3.8, 707.65, 
4, 4, RxOnlyInitial, 149, 0, 429, 800.3, 25, 12, 32, 16, 0, 5, 75, 40, 55, 169, 4.98, 2.48, 19.69, 4.48, 0, 1.57, 83.4, 2.64, 16.58, 664.48, 
5, 5, Grassland, 12, 12, 0, 5.36, 0, 0, 0, 0, 0, 8, 0, 0, 0, 4, 0, 0, 0, 0, 0, 3.36, 0, 0, 0, 2, 
5, 6, Savanna, 91, 72, 132, 1897.54, 0, 0, 41, 0, 0, 64, 37, 0, 62, 0, 0, 0, 291.2, 0, 0, 1.82, 337.04, 0, 1267.48, 0, 
5, 1, UEA10, 207, 3, 474, 6.76, 1, 0, 0, 0, 0, 476, 0, 0, 0, 0, 0.45, 0, 0, 0, 0, 6.31, 0, 0, 0, 0, 
5, 1, IT10, 96, 10, 144, 22.69, 6, 0, 0, 0, 0, 145, 0, 0, 3, 0, 16.14, 0, 0, 0, 0, 5.56, 0, 0, 0.99, 0, 
5, 1, SI10, 36, 0, 36, 47.67, 0, 0, 0, 0, 0, 2, 0, 0, 34, 0, 0, 0, 0, 0, 0, 0.34, 0, 0, 47.33, 0, 
5, 1, RxOnlyInitial, 1094, 0, 1977, 1560.1, 26, 0, 321, 0, 0, 389, 129, 10, 26, 1076, 7.67, 0, 176.47, 0, 0, 11.22, 160.35, 1.83, 9.72, 1192.84, 
5, 2, UEA25, 402, 0, 685, 521.77, 0, 0, 0, 0, 0, 605, 0, 0, 80, 0, 0, 0, 0, 0, 0, 17.51, 0, 0, 504.26, 0, 
5, 2, IT25, 164, 24, 199, 33.78, 2, 0, 0, 0, 0, 212, 0, 0, 9, 0, 0.92, 0, 0, 0, 0, 9.65, 0, 0, 23.21, 0, 
5, 2, SI25, 83, 0, 116, 139.13, 0, 0, 0, 0, 0, 92, 0, 0, 24, 0, 0, 0, 0, 0, 0, 2.68, 0, 0, 136.45, 0, 
5, 2, RxOnlyInitial, 2055, 0, 5003, 5461.06, 81, 0, 911, 0, 0, 216, 818, 36, 103, 2838, 81.11, 0, 794.53, 0, 0, 12.25, 1179.95, 5.79, 79.42, 3308.01, 
5, 3, UEA40, 74, 9, 157, 5.55, 0, 0, 0, 0, 0, 166, 0, 0, 0, 0, 0, 0, 0, 0, 0, 5.55, 0, 0, 0, 0, 
5, 3, IT40, 39, 39, 18, 1.84, 0, 0, 0, 0, 0, 57, 0, 0, 0, 0, 0, 0, 0, 0, 0, 1.84, 0, 0, 0, 0, 
5, 3, SI40, 13, 1, 36, 0.7, 0, 0, 0, 0, 0, 37, 0, 0, 0, 0, 0, 0, 0, 0, 0, 0.7, 0, 0, 0, 0, 
5, 3, RxOnlyInitial, 330, 0, 911, 890.95, 0, 0, 195, 0, 0, 28, 116, 0, 53, 519, 0, 0, 126.92, 0, 0, 2.16, 167.85, 0, 13.83, 580.19, 
5, 4, RxOnlyInitial, 151, 0, 504, 586.77, 22, 12, 45, 16, 0, 14, 99, 24, 80, 192, 5.19, 2.44, 41.29, 4.36, 0, 2.93, 133.16, 2.62, 72.34, 322.44, 
6, 6, Savanna, 91, 162, 88, 1666.9, 26, 0, 138, 0, 0, 0, 72, 0, 14, 0, 111.72, 0, 685.75, 0, 0, 0, 556.68, 0, 312.75, 0, 
6, 1, UEA10, 206, 6, 550, 4712.16, 64, 0, 0, 0, 0, 3, 0, 0, 489, 0, 491.7, 0, 0, 0, 0, 0.03, 0, 0, 4220.43, 0, 
6, 1, IT10, 101, 1, 177, 730.45, 18, 0, 0, 0, 0, 0, 0, 0, 160, 0, 52.3, 0, 0, 0, 0, 0, 0, 0, 678.15, 0, 
6, 1, SI10, 32, 0, 86, 526.68, 1, 0, 0, 0, 0, 0, 0, 0, 85, 0, 0.22, 0, 0, 0, 0, 0, 0, 0, 526.46, 0, 
6, 1, RxOnlyInitial, 1099, 0, 2606, 2839.99, 154, 0, 367, 0, 11, 24, 179, 69, 210, 1592, 122.23, 0, 290.27, 0, 5.61, 0.77, 153.35, 10.59, 202.58, 2054.59, 
6, 2, UEA25, 410, 0, 1223, 5207.03, 157, 0, 0, 0, 0, 91, 0, 0, 975, 0, 215.1, 0, 0, 0, 0, 2.9, 0, 0, 4989.03, 0, 
6, 2, IT25, 143, 22, 184, 550.88, 82, 0, 0, 0, 0, 22, 0, 0, 102, 0, 196.38, 0, 0, 0, 0, 1.13, 0, 0, 353.37, 0, 
6, 2, SI25, 79, 0, 150, 928.9, 67, 0, 0, 0, 0, 0, 0, 0, 83, 0, 263.66, 0, 0, 0, 0, 0, 0, 0, 665.24, 0, 
6, 2, RxOnlyInitial, 2055, 0, 5084, 6756.37, 85, 0, 861, 0, 0, 0, 856, 12, 99, 3171, 83.05, 0, 775.37, 0, 0, 0, 1258.79, 0.85, 46.08, 4592.23, 
6, 3, UEA40, 90, 1, 165, 2133.54, 41, 0, 0, 0, 0, 0, 0, 0, 125, 0, 420.29, 0, 0, 0, 0, 0, 0, 0, 1713.25, 0, 
6, 3, IT40, 36, 15, 21, 228.34, 0, 0, 0, 0, 0, 15, 0, 0, 21, 0, 0, 0, 0, 0, 0, 0.15, 0, 0, 228.19, 0, 
6, 3, SI40, 19, 6, 51, 466.44, 55, 0, 0, 0, 0, 2, 0, 0, 0, 0, 466.42, 0, 0, 0, 0, 0.02, 0, 0, 0, 0, 
6, 3, RxOnlyInitial, 333, 0, 1151, 1235.17, 0, 0, 324, 0, 0, 0, 240, 0, 0, 587, 0, 0, 273.88, 0, 0, 0, 318.25, 0, 0, 643.04, 
6, 4, RxOnlyInitial, 147, 0, 610, 839.03, 66, 0, 101, 5, 0, 0, 171, 11, 51, 205, 19.01, 0, 83.24, 5.85, 0, 0, 175.26, 1.03, 43.78, 510.86, 
7, 6, Savanna, 87, 81, 115, 1478.6, 0, 0, 160, 0, 0, 1, 14, 0, 21, 0, 0, 0, 1078.96, 0, 0, 0.29, 15.42, 0, 383.93, 0, 
7, 1, UEA10, 212, 27, 633, 3444.16, 252, 0, 0, 0, 0, 123, 0, 0, 285, 0, 1149.66, 0, 0, 0, 0, 7.31, 0, 0, 2287.19, 0, 
7, 1, IT10, 101, 8, 211, 1066.06, 111, 0, 0, 0, 0, 6, 0, 0, 102, 0, 642.18, 0, 0, 0, 0, 2.37, 0, 0, 421.51, 0, 
7, 1, SI10, 36, 0, 135, 419.25, 82, 0, 0, 0, 0, 4, 0, 0, 49, 0, 213.12, 0, 0, 0, 0, 0.68, 0, 0, 205.45, 0, 
7, 1, RxOnlyInitial, 1097, 0, 2199, 2664.48, 83, 0, 274, 0, 0, 9, 97, 60, 149, 1527, 56.79, 0, 230.24, 0, 0, 1.96, 162.75, 12.14, 195.44, 2005.16, 
7, 2, UEA25, 402, 0, 925, 3013.19, 371, 0, 0, 0, 0, 153, 0, 0, 401, 0, 1497.43, 0, 0, 0, 0, 13.37, 0, 0, 1502.39, 0, 
7, 2, IT25, 149, 15, 313, 840.75, 119, 0, 0, 0, 0, 10, 0, 0, 199, 0, 275.35, 0, 0, 0, 0, 1.68, 0, 0, 563.72, 0, 
7, 2, SI25, 87, 0, 164, 532.67, 122, 0, 0, 0, 0, 8, 0, 0, 34, 0, 241.14, 0, 0, 0, 0, 1.8, 0, 0, 289.73, 0, 
7, 2, RxOnlyInitial, 2054, 0, 5070, 5922.76, 10, 0, 912, 0, 0, 6, 683, 0, 68, 3391, 8.2, 0, 766.33, 0, 0, 1.84, 828.76, 0, 101.28, 4216.35, 
7, 3, UEA40, 80, 44, 70, 3791.13, 37, 0, 0, 35, 0, 3, 0, 0, 39, 0, 780.27, 0, 0, 2623.64, 0, 1.02, 0, 0, 386.2, 0, 
7, 3, IT40, 29, 6, 24, 264.31, 27, 0, 0, 0, 0, 1, 0, 0, 2, 0, 261.1, 0, 0, 0, 0, 0.38, 0, 0, 2.83, 0, 
7, 3, SI40, 27, 3, 25, 99.47, 0, 0, 0, 0, 0, 3, 0, 0, 25, 0, 0, 0, 0, 0, 0, 1.1, 0, 0, 98.37, 0, 
7, 3, RxOnlyInitial, 333, 0, 1119, 1190.11, 0, 0, 223, 0, 0, 1, 291, 0, 0, 604, 0, 0, 177.35, 0, 0, 0.33, 373.91, 0, 0, 638.52, 
7, 4, RxOnlyInitial, 148, 0, 439, 604.44, 54, 0, 42, 0, 0, 2, 90, 13, 60, 178, 19.87, 0, 34.63, 0, 0, 0.57, 77.76, 0.78, 70.84, 399.99, 
8, 6, Savanna, 89, 146, 193, 4016.93, 29, 0, 189, 0, 0, 0, 32, 0, 89, 0, 42.4, 0, 1443.27, 0, 0, 0, 280.66, 0, 2250.6, 0, 
8, 1, UEA10, 222, 26, 250, 2312.32, 94, 0, 0, 0, 0, 37, 0, 0, 145, 0, 546.87, 0, 0, 0, 0, 3.9, 0, 0, 1761.55, 0, 
8, 1, IT10, 121, 7, 193, 950.34, 1, 0, 0, 0, 0, 6, 0, 0, 193, 0, 1.66, 0, 0, 0, 0, 1.66, 0, 0, 947.02, 0, 
8, 1, SI10, 42, 0, 43, 174.94, 0, 0, 0, 0, 0, 1, 0, 0, 42, 0, 0, 0, 0, 0, 0, 0.17, 0, 0, 174.77, 0, 
8, 1, RxOnlyInitial, 1098, 0, 2420, 2092.47, 126, 0, 373, 0, 0, 7, 142, 62, 148, 1562, 41.23, 0, 336.64, 0, 0, 0.42, 149.95, 32.78, 56.5, 1474.95, 
8, 2, UEA25, 459, 0, 981, 4131.52, 178, 0, 0, 0, 0, 138, 0, 0, 665, 0, 672.05, 0, 0, 0, 0, 9.28, 0, 0, 3450.19, 0, 
8, 2, IT25, 175, 20, 283, 1811.05, 32, 0, 0, 0, 0, 11, 0, 0, 260, 0, 34.84, 0, 0, 0, 0, 4.21, 0, 0, 1772, 0, 
8, 2, SI25, 84, 0, 121, 739.09, 1, 0, 0, 0, 0, 3, 0, 0, 117, 0, 1.01, 0, 0, 0, 0, 0.03, 0, 0, 738.05, 0, 
8, 2, RxOnlyInitial, 2056, 0, 4986, 5635.47, 53, 0, 859, 0, 0, 6, 671, 25, 85, 3287, 73.44, 0, 811.25, 0, 0, 1.76, 836.93, 8.87, 119.07, 3784.15, 
8, 3, UEA40, 0, 0, 0, 0, 0, 0, 0, 0, 0, 0, 0, 0, 0, 0, 0, 0, 0, 0, 0, 0, 0, 0, 0, 0, 
8, 3, IT40, 2, 2, 0, 0.6, 0, 0, 0, 0, 0, 2, 0, 0, 0, 0, 0, 0, 0, 0, 0, 0.6, 0, 0, 0, 0, 
8, 3, SI40, 177, 178, 0, 13052.07, 0, 0, 0, 176, 0, 1, 0, 0, 1, 0, 0, 0, 0, 13047.92, 0, 0.24, 0, 0, 3.91, 0, 
8, 3, RxOnlyInitial, 330, 0, 1088, 1044.28, 1, 0, 243, 0, 0, 1, 274, 0, 12, 557, 0.72, 0, 289.75, 0, 0, 0.24, 283.08, 0, 3.16, 467.33, 
8, 4, RxOnlyInitial, 147, 0, 523, 520.73, 17, 0, 74, 0, 0, 2, 125, 9, 49, 247, 13.31, 0, 47.8, 0, 0, 0.61, 125.99, 0.99, 37.1, 294.93, 
9, 6, Savanna, 86, 170, 172, 2834.77, 8, 0, 249, 0, 0, 0, 49, 0, 36, 0, 8.72, 0, 1642.85, 0, 0, 0, 301.49, 0, 881.71, 0, 
9, 1, UEA10, 255, 6, 777, 3025.04, 654, 0, 0, 0, 0, 3, 0, 0, 126, 0, 1237.82, 0, 0, 0, 0, 0.03, 0, 0, 1787.19, 0, 
9, 1, IT10, 151, 15, 233, 1230.46, 10, 0, 0, 0, 0, 5, 0, 0, 233, 0, 18.41, 0, 0, 0, 0, 2.03, 0, 0, 1210.02, 0, 
9, 1, SI10, 47, 0, 49, 192.93, 1, 0, 0, 0, 0, 0, 0, 0, 48, 0, 1.1, 0, 0, 0, 0, 0, 0, 0, 191.83, 0, 
9, 1, RxOnlyInitial, 1100, 0, 2446, 2411.6, 150, 0, 339, 0, 0, 0, 122, 92, 100, 1643, 72.16, 0, 254.18, 0, 0, 0, 200.38, 49.96, 155.53, 1679.39, 
9, 2, UEA25, 300, 0, 308, 1611.6, 97, 0, 0, 0, 0, 0, 0, 0, 211, 0, 588.96, 0, 0, 0, 0, 0, 0, 0, 1022.64, 0, 
9, 2, IT25, 119, 10, 327, 856.8, 113, 0, 0, 0, 0, 3, 0, 0, 221, 0, 63.7, 0, 0, 0, 0, 0.03, 0, 0, 793.069999999999, 0, 
9, 2, SI25, 53, 0, 104, 792.2, 1, 0, 0, 0, 0, 0, 0, 0, 103, 0, 1.03, 0, 0, 0, 0, 0, 0, 0, 791.17, 0, 
9, 2, RxOnlyInitial, 2053, 0, 4850, 5020.55, 103, 0, 756, 0, 0, 4, 756, 26, 73, 3132, 41.85, 0, 663.83, 0, 0, 0.08, 1093.51, 3.53, 75.06, 3142.69, 
9, 3, RxOnlyInitial, 336, 0, 1216, 1255.27, 0, 0, 219, 0, 0, 0, 372, 0, 24, 601, 0, 0, 188.06, 0, 0, 0, 570.78, 0, 8.55, 487.88, 
9, 4, RxOnlyInitial, 150, 0, 486, 613.26, 61, 0, 51, 0, 0, 2, 188, 10, 37, 137, 25.19, 0, 63.26, 0, 0, 0.65, 247.89, 1.47, 36.47, 238.33, 
10, 6, Savanna, 87, 97, 91, 1840.85, 20, 0, 106, 0, 0, 20, 0, 0, 42, 0, 120.32, 0, 748.21, 0, 0, 0.2, 0, 0, 972.12, 0, 
10, 1, UEA10, 224, 19, 492, 1699.72, 42, 0, 0, 0, 0, 339, 0, 0, 130, 0, 119.94, 0, 0, 0, 0, 3.49, 0, 0, 1576.29, 0, 
10, 1, IT10, 94, 19, 159, 439.69, 0, 0, 0, 0, 0, 118, 0, 0, 60, 0, 0, 0, 0, 0, 0, 1.28, 0, 0, 438.41, 0, 
10, 1, SI10, 43, 0, 171, 680.84, 107, 0, 0, 0, 0, 0, 0, 0, 64, 0, 305.97, 0, 0, 0, 0, 0, 0, 0, 374.87, 0, 
10, 1, RxOnlyInitial, 1094, 0, 2107, 1754.5, 98, 0, 294, 0, 0, 117, 105, 186, 220, 1087, 61.26, 0, 221.17, 0, 0, 1.17, 225.24, 84.99, 292.92, 867.75, 
10, 2, UEA25, 408, 0, 655, 1020.23, 154, 0, 0, 0, 0, 422, 0, 0, 79, 0, 567.87, 0, 0, 0, 0, 4.74, 0, 0, 447.62, 0, 
10, 2, IT25, 160, 28, 217, 340.65, 1, 0, 0, 0, 0, 148, 0, 0, 96, 0, 2.76, 0, 0, 0, 0, 1.63, 0, 0, 336.26, 0, 
10, 2, SI25, 79, 0, 141, 705.51, 56, 0, 0, 0, 0, 40, 0, 0, 45, 0, 440.47, 0, 0, 0, 0, 0.4, 0, 0, 264.64, 0, 
10, 2, RxOnlyInitial, 2054, 0, 5384, 5624.97, 187, 0, 1084, 0, 0, 105, 808, 57, 156, 2987, 190.32, 0, 1153.59, 0, 0, 1.05, 1316.43, 11.36, 204.45, 2747.77, 
10, 3, UEA40, 74, 10, 114, 1.26, 0, 0, 0, 0, 0, 124, 0, 0, 0, 0, 0, 0, 0, 0, 0, 1.26, 0, 0, 0, 0, 
10, 3, IT40, 36, 2, 35, 0.38, 0, 0, 0, 0, 0, 37, 0, 0, 0, 0, 0, 0, 0, 0, 0, 0.38, 0, 0, 0, 0, 
10, 3, SI40, 9, 9, 0, 5.25, 3, 0, 0, 0, 0, 6, 0, 0, 0, 0, 5.19, 0, 0, 0, 0, 0.06, 0, 0, 0, 0, 
10, 3, RxOnlyInitial, 337, 0, 1052, 1234.33, 0, 0, 306, 0, 0, 12, 263, 0, 13, 458, 0, 0, 296.92, 0, 0, 0.12, 413.52, 0, 4.42, 519.35, 
10, 4, RxOnlyInitial, 147, 0, 626, 498.24, 18, 0, 166, 0, 0, 0, 344, 0, 10, 88, 19.46, 0, 103.68, 0, 0, 0, 311.07, 0, 4.33, 59.7, 
11, 6, Savanna, 91, 119, 66, 1401.6, 12, 0, 100, 0, 0, 0, 37, 0, 36, 0, 14.99, 0, 493.09, 0, 0, 0, 222.57, 0, 670.95, 0, 
11, 1, UEA10, 224, 7, 428, 3596.21, 225, 0, 0, 0, 0, 0, 0, 0, 210, 0, 1383.08, 0, 0, 0, 0, 0, 0, 0, 2213.13, 0, 
11, 1, IT10, 118, 4, 187, 622.3, 148, 0, 0, 0, 0, 0, 0, 0, 43, 0, 393.78, 0, 0, 0, 0, 0, 0, 0, 228.52, 0, 
11, 1, SI10, 47, 0, 93, 263.52, 77, 0, 0, 0, 0, 0, 0, 0, 16, 0, 249.16, 0, 0, 0, 0, 0, 0, 0, 14.36, 0, 
11, 1, RxOnlyInitial, 1103, 0, 2442, 2305.26, 43, 0, 171, 0, 0, 0, 182, 32, 127, 1887, 85.22, 0, 205.11, 0, 0, 0, 275.67, 5.84, 165.42, 1568, 
11, 2, UEA25, 432, 0, 813, 4876.1, 262, 0, 0, 0, 0, 0, 0, 0, 551, 0, 2928.13, 0, 0, 0, 0, 0, 0, 0, 1947.97, 0, 
11, 2, IT25, 245, 8, 321, 719.45, 160, 0, 0, 0, 0, 0, 0, 0, 169, 0, 179.07, 0, 0, 0, 0, 0, 0, 0, 540.38, 0, 
11, 2, SI25, 245, 2, 284, 889.339999999999, 113, 2, 0, 0, 0, 0, 0, 0, 171, 0, 483.09, 1.82, 0, 0, 0, 0, 0, 0, 404.429999999999, 0, 
11, 2, RxOnlyInitial, 2050, 0, 5799, 5595.68, 50, 0, 969, 0, 0, 0, 585, 81, 119, 3995, 39.84, 0, 928.02, 0, 0, 0, 1009.65, 23.33, 195.45, 3399.39, 
11, 3, UEA40, 30, 3, 27, 212.37, 3, 0, 0, 0, 0, 0, 0, 0, 27, 0, 4.41, 0, 0, 0, 0, 0, 0, 0, 207.96, 0, 
11, 3, IT40, 38, 4, 38, 525.17, 42, 0, 0, 0, 0, 0, 0, 0, 0, 0, 525.17, 0, 0, 0, 0, 0, 0, 0, 0, 0, 
11, 3, SI40, 2, 2, 0, 9.55, 0, 0, 0, 0, 0, 0, 0, 0, 2, 0, 0, 0, 0, 0, 0, 0, 0, 0, 9.55, 0, 
11, 3, RxOnlyInitial, 342, 0, 1221, 1355.35, 0, 0, 322, 0, 0, 0, 140, 0, 0, 759, 0, 0, 409.1, 0, 0, 0, 172.49, 0, 0, 773.76, 
11, 4, RxOnlyInitial, 154, 0, 536, 653.52, 19, 0, 110, 0, 0, 0, 308, 13, 56, 30, 22.88, 0, 98.38, 0, 0, 0, 389.49, 1.13, 109.21, 32.43, 
12, 6, Savanna, 87, 184, 48, 1725.81, 10, 0, 174, 0, 0, 0, 48, 0, 0, 0, 287.81, 0, 1056.18, 0, 0, 0, 381.82, 0, 0, 0, 
12, 1, UEA10, 182, 56, 208, 1710.2, 154, 0, 0, 0, 0, 48, 0, 0, 62, 0, 910.84, 0, 0, 0, 0, 0.48, 0, 0, 798.88, 0, 
12, 1, IT10, 237, 23, 287, 3136.04, 44, 0, 0, 0, 0, 18, 0, 0, 248, 0, 121.6, 0, 0, 0, 0, 0.18, 0, 0, 3014.26, 0, 
12, 1, SI10, 55, 11, 136, 131.32, 13, 11, 0, 0, 0, 114, 0, 0, 9, 0, 44.21, 31.41, 0, 0, 0, 2.28, 0, 0, 53.42, 0, 
12, 1, RxOnlyInitial, 1098, 0, 1924, 1469.97, 115, 0, 303, 0, 0, 3, 49, 137, 129, 1188, 52.28, 0, 215.89, 0, 0, 0.82, 84.17, 41.75, 236.02, 839.04, 
12, 2, UEA25, 0, 0, 0, 0, 0, 0, 0, 0, 0, 0, 0, 0, 0, 0, 0, 0, 0, 0, 0, 0, 0, 0, 0, 0, 
12, 2, IT25, 65, 0, 130, 444.46, 65, 0, 0, 0, 0, 0, 0, 0, 65, 0, 164.43, 0, 0, 0, 0, 0, 0, 0, 280.03, 0, 
12, 2, SI25, 0, 0, 0, 0, 0, 0, 0, 0, 0, 0, 0, 0, 0, 0, 0, 0, 0, 0, 0, 0, 0, 0, 0, 0, 
12, 2, RxOnlyInitial, 2048, 0, 4634, 3578.73, 65, 0, 1194, 0, 0, 1, 664, 1, 0, 2709, 66.45, 0, 907.34, 0, 0, 0.33, 553.49, 1.03, 0, 2050.09, 
12, 3, UEA40, 0, 0, 0, 0, 0, 0, 0, 0, 0, 0, 0, 0, 0, 0, 0, 0, 0, 0, 0, 0, 0, 0, 0, 0, 
12, 3, RxOnlyInitial, 335, 0, 1037, 837.64, 0, 0, 252, 0, 0, 0, 363, 0, 15, 407, 0, 0, 186.65, 0, 0, 0, 384.7, 0, 10.53, 255.76, 
12, 4, RxOnlyInitial, 160, 0, 461, 296.01, 33, 0, 113, 0, 0, 8, 147, 60, 64, 36, 5.11, 0, 58.7, 0, 0, 0.64, 68.37, 20.77, 77.47, 64.95, 
13, 5, Grassland, 0, 0, 0, 0, 0, 0, 0, 0, 0, 0, 0, 0, 0, 0, 0, 0, 0, 0, 0, 0, 0, 0, 0, 0, 
13, 6, Savanna, 90, 30, 199, 1141.2, 10, 0, 70, 0, 0, 129, 0, 0, 20, 0, 27.62, 0, 665.67, 0, 0, 1.67, 0, 0, 446.24, 0, 
13, 1, UEA10, 32, 5, 160, 1195.07, 101, 0, 0, 0, 0, 0, 0, 0, 64, 0, 700.38, 0, 0, 0, 0, 0, 0, 0, 494.69, 0, 
13, 1, IT10, 37, 0, 222, 655.36, 74, 0, 0, 0, 0, 74, 0, 0, 74, 0, 194.79, 0, 0, 0, 0, 0.74, 0, 0, 459.83, 0, 
13, 1, SI10, 35, 0, 175, 909.45, 105, 0, 0, 0, 0, 0, 0, 0, 70, 0, 399.36, 0, 0, 0, 0, 0, 0, 0, 510.09, 0, 
13, 1, RxOnlyInitial, 1104, 0, 2107, 1518.42, 73, 3, 337, 0, 0, 36, 184, 127, 133, 1214, 63.33, 0.78, 164.65, 0, 0, 0.69, 237.48, 45.61, 333.95, 671.93, 
13, 2, UEA25, 66, 0, 193, 601.14, 4, 0, 0, 0, 0, 18, 0, 0, 171, 0, 4.58, 0, 0, 0, 0, 0.18, 0, 0, 596.38, 0, 
13, 2, IT25, 0, 0, 0, 0, 0, 0, 0, 0, 0, 0, 0, 0, 0, 0, 0, 0, 0, 0, 0, 0, 0, 0, 0, 0, 
13, 2, RxOnlyInitial, 2053, 0, 3986, 3227.53, 71, 0, 908, 0, 0, 5, 340, 34, 36, 2592, 41.19, 0, 1065.98, 0, 0, 0.06, 366.31, 9.52, 28.01, 1716.46, 
13, 3, RxOnlyInitial, 328, 0, 1046, 835.35, 0, 0, 256, 0, 0, 3, 243, 0, 16, 528, 0, 0, 190.54, 0, 0, 0.03, 248.47, 0, 65.78, 330.53, 
13, 4, RxOnlyInitial, 149, 0, 299, 540.36, 74, 0, 21, 0, 0, 2, 132, 0, 2, 68, 169.36, 0, 47.91, 0, 0, 0.34, 189.5, 0, 17.39, 115.86, 
14, 5, Grassland, 10, 11, 0, 4.2, 0, 0, 0, 0, 0, 11, 0, 0, 0, 0, 0, 0, 0, 0, 0, 4.2, 0, 0, 0, 0, 
14, 6, Savanna, 93, 51, 169, 695.93, 0, 0, 91, 0, 0, 129, 0, 0, 0, 0, 0, 0, 693.35, 0, 0, 2.58, 0, 0, 0, 0, 
14, 1, SI10, 27, 0, 83, 1.15, 0, 0, 0, 0, 0, 83, 0, 0, 0, 0, 0, 0, 0, 0, 0, 1.15, 0, 0, 0, 0, 
14, 1, RxOnlyInitial, 1094, 0, 2116, 1715.71, 135, 0, 235, 0, 0, 46, 241, 97, 95, 1267, 130.7, 0, 188.06, 0, 0, 4.87, 491.02, 97.22, 116.99, 686.85, 
14, 2, RxOnlyInitial, 2056, 0, 4585, 3893.25, 42, 0, 1016, 0, 0, 92, 789, 93, 111, 2442, 26.46, 0, 806.76, 0, 0, 12.7, 796.16, 34.72, 266.93, 1949.52, 
14, 3, SI40, 0, 0, 0, 0, 0, 0, 0, 0, 0, 0, 0, 0, 0, 0, 0, 0, 0, 0, 0, 0, 0, 0, 0, 0, 
14, 3, RxOnlyInitial, 333, 0, 1098, 779.78, 39, 0, 260, 0, 0, 3, 246, 0, 35, 515, 38.39, 0, 158.87, 0, 0, 0.76, 238.17, 0, 36.8, 306.79, 
14, 4, RxOnlyInitial, 153, 0, 535, 534.26, 19, 0, 119, 0, 0, 13, 196, 21, 49, 118, 40.18, 0, 54.71, 0, 0, 2.39, 83.03, 22.93, 256.05, 74.97, 
15, 6, Savanna, 88, 111, 87, 2327.58, 12, 0, 164, 0, 0, 0, 11, 0, 11, 0, 20.92, 0, 1780.87, 0, 0, 0, 24.49, 0, 501.3, 0, 
15, 1, UEA10, 27, 0, 27, 303.94, 0, 0, 0, 0, 0, 0, 0, 0, 27, 0, 0, 0, 0, 0, 0, 0, 0, 0, 303.94, 0, 
15, 1, RxOnlyInitial, 1089, 0, 2266, 1711.75, 147, 0, 358, 0, 0, 78, 71, 239, 221, 1152, 70.01, 0, 283.45, 0, 0, 2.03, 60.87, 78.7, 445.72, 770.97, 
15, 2, UEA25, 9, 0, 9, 0.09, 0, 0, 0, 0, 0, 9, 0, 0, 0, 0, 0, 0, 0, 0, 0, 0.09, 0, 0, 0, 0, 
15, 2, IT25, 27, 14, 81, 401.49, 39, 0, 0, 0, 0, 0, 0, 0, 56, 0, 123.5, 0, 0, 0, 0, 0, 0, 0, 277.99, 0, 
15, 2, SI25, 52, 0, 52, 380.94, 0, 0, 0, 0, 0, 0, 0, 0, 52, 0, 0, 0, 0, 0, 0, 0, 0, 0, 380.94, 0, 
15, 2, RxOnlyInitial, 2060, 0, 4461, 3898.89, 77, 5, 1078, 57, 0, 42, 533, 73, 30, 2566, 235.43, 0.29, 1080.02, 11.97, 0, 1.17, 803.61, 31.75, 86.63, 1648.02, 
15, 3, UEA40, 0, 0, 0, 0, 0, 0, 0, 0, 0, 0, 0, 0, 0, 0, 0, 0, 0, 0, 0, 0, 0, 0, 0, 0, 
15, 3, RxOnlyInitial, 334, 0, 866, 678.53, 0, 0, 233, 0, 0, 0, 127, 0, 0, 506, 0, 0, 169.75, 0, 0, 0, 164, 0, 0, 344.78, 
15, 4, RxOnlyInitial, 155, 0, 473, 548.01, 60, 0, 102, 0, 0, 2, 233, 3, 25, 48, 176.8, 0, 73.69, 0, 0, 0.66, 264.34, 3.14, 10.8, 18.58, 
16, 5, Grassland, 1, 1, 0, 2.2, 0, 0, 0, 0, 0, 0, 0, 0, 0, 1, 0, 0, 0, 0, 0, 0, 0, 0, 0, 2.2, 
16, 6, Savanna, 97, 120, 85, 1348.47, 1, 0, 203, 0, 0, 0, 0, 0, 1, 0, 0.95, 0, 1346.3, 0, 0, 0, 0, 0, 1.22, 0, 
16, 1, UEA10, 33, 1, 132, 736.71, 133, 0, 0, 0, 0, 0, 0, 0, 0, 0, 736.71, 0, 0, 0, 0, 0, 0, 0, 0, 0, 
16, 1, RxOnlyInitial, 1096, 0, 2079, 2383.64, 160, 0, 209, 0, 0, 0, 63, 107, 252, 1288, 242.7, 0, 174.76, 0, 0, 0, 50.98, 40.12, 1036, 839.08, 
16, 2, UEA25, 2, 0, 2, 9.21, 1, 0, 0, 0, 0, 0, 0, 0, 1, 0, 7.88, 0, 0, 0, 0, 0, 0, 0, 1.33, 0, 
16, 2, IT25, 0, 0, 0, 0, 0, 0, 0, 0, 0, 0, 0, 0, 0, 0, 0, 0, 0, 0, 0, 0, 0, 0, 0, 0, 
16, 2, SI25, 11, 0, 11, 0.22, 0, 0, 0, 0, 0, 11, 0, 0, 0, 0, 0, 0, 0, 0, 0, 0.22, 0, 0, 0, 0, 
16, 2, RxOnlyInitial, 2057, 0, 5253, 4223.34, 55, 0, 1326, 0, 0, 5, 1211, 63, 3, 2590, 253.77, 0, 1066.16, 0, 0, 0.14, 1204.9, 58.62, 4.77, 1634.98, 
16, 3, IT40, 0, 0, 0, 0, 0, 0, 0, 0, 0, 0, 0, 0, 0, 0, 0, 0, 0, 0, 0, 0, 0, 0, 0, 0, 
16, 3, RxOnlyInitial, 335, 0, 900, 680.97, 1, 0, 245, 0, 0, 0, 118, 0, 0, 536, 0.99, 0, 267.23, 0, 0, 0, 99.14, 0, 0, 313.61, 
16, 4, RxOnlyInitial, 170, 0, 574, 632.71, 70, 0, 151, 0, 0, 0, 319, 1, 9, 24, 231.53, 0, 68.27, 0, 0, 0, 229.37, 1.87, 84.04, 17.63, 
17, 6, Savanna, 87, 158, 111, 1832.82, 0, 0, 242, 0, 0, 15, 12, 0, 0, 0, 0, 0, 1805.79, 0, 0, 0.15, 26.88, 0, 0, 0, 
17, 1, UEA10, 42, 0, 126, 785.46, 126, 0, 0, 0, 0, 0, 0, 0, 0, 0, 785.46, 0, 0, 0, 0, 0, 0, 0, 0, 0, 
17, 1, IT10, 6, 7, 0, 1.38, 2, 0, 0, 0, 0, 5, 0, 0, 0, 0, 0.92, 0, 0, 0, 0, 0.46, 0, 0, 0, 0, 
17, 1, RxOnlyInitial, 1098, 0, 2084, 1490.97, 93, 0, 276, 0, 0, 13, 84, 91, 123, 1404, 72.51, 0, 208.23, 0, 0, 0.45, 144.19, 29.45, 215.88, 820.26, 
17, 2, UEA25, 147, 0, 449, 1589.82, 429, 0, 0, 0, 0, 0, 0, 0, 20, 0, 1403.45, 0, 0, 0, 0, 0, 0, 0, 186.37, 0, 
17, 2, IT25, 61, 1, 122, 254.08, 123, 0, 0, 0, 0, 0, 0, 0, 0, 0, 254.08, 0, 0, 0, 0, 0, 0, 0, 0, 0, 
17, 2, RxOnlyInitial, 2052, 0, 4865, 4278.36, 136, 0, 1258, 0, 0, 16, 884, 107, 105, 2359, 351.68, 0, 1031.81, 0, 0, 0.74, 1135.49, 28.47, 281.3, 1448.87, 
17, 3, IT40, 0, 0, 0, 0, 0, 0, 0, 0, 0, 0, 0, 0, 0, 0, 0, 0, 0, 0, 0, 0, 0, 0, 0, 0, 
17, 3, RxOnlyInitial, 343, 0, 1011, 847.34, 1, 0, 405, 0, 0, 0, 157, 0, 0, 448, 0.7, 0, 486.58, 0, 0, 0, 185.48, 0, 0, 174.58, 
17, 4, RxOnlyInitial, 159, 0, 553, 351.8, 0, 10, 129, 84, 0, 18, 205, 23, 27, 57, 0, 0.62, 72.54, 16.8, 0, 0.18, 167.25, 10.07, 74.11, 10.23, 
18, 6, Savanna, 89, 154, 168, 2763.74, 0, 0, 296, 0, 0, 0, 26, 0, 0, 0, 0, 0, 2457.29, 0, 0, 0, 306.45, 0, 0, 0, 
18, 1, IT10, 28, 118, 56, 3268.22, 0, 118, 0, 0, 0, 0, 0, 0, 56, 0, 0, 3092.99, 0, 0, 0, 0, 0, 0, 175.23, 0, 
18, 1, SI10, 0, 0, 0, 0, 0, 0, 0, 0, 0, 0, 0, 0, 0, 0, 0, 0, 0, 0, 0, 0, 0, 0, 0, 0, 
18, 1, RxOnlyInitial, 1091, 0, 1972, 1681.14, 100, 0, 227, 0, 0, 0, 66, 69, 98, 1412, 153.29, 0, 258.51, 0, 0, 0, 102.15, 87.71, 273.56, 805.92, 
18, 2, IT25, 0, 0, 0, 0, 0, 0, 0, 0, 0, 0, 0, 0, 0, 0, 0, 0, 0, 0, 0, 0, 0, 0, 0, 0, 
18, 2, RxOnlyInitial, 2067, 0, 4590, 3861.26, 69, 0, 1193, 0, 0, 0, 723, 22, 21, 2562, 121.67, 0, 969.74, 0, 0, 0, 895.54, 12.63, 58.95, 1802.73, 
18, 3, RxOnlyInitial, 343, 0, 1215, 964.55, 0, 0, 293, 0, 0, 0, 241, 0, 0, 681, 0, 0, 276.46, 0, 0, 0, 235.52, 0, 0, 452.57, 
18, 4, RxOnlyInitial, 175, 0, 614, 481.45, 45, 0, 173, 0, 0, 0, 346, 19, 30, 1, 81.73, 0, 98.16, 0, 0, 0, 287.22, 11.19, 1.5, 1.65, 
19, 6, Savanna, 86, 92, 78, 2534.95, 14, 0, 82, 0, 0, 0, 18, 0, 56, 0, 12.93, 0, 475.49, 0, 0, 0, 376.83, 0, 1669.7, 0, 
19, 1, SI10, 0, 0, 0, 0, 0, 0, 0, 0, 0, 0, 0, 0, 0, 0, 0, 0, 0, 0, 0, 0, 0, 0, 0, 0, 
19, 1, RxOnlyInitial, 1094, 0, 2162, 2194.84, 141, 0, 211, 0, 0, 0, 88, 122, 154, 1446, 387, 0, 183.19, 0, 0, 0, 243.13, 48.43, 397.52, 935.57, 
19, 2, UEA25, 0, 0, 0, 0, 0, 0, 0, 0, 0, 0, 0, 0, 0, 0, 0, 0, 0, 0, 0, 0, 0, 0, 0, 0, 
19, 2, IT25, 0, 0, 0, 0, 0, 0, 0, 0, 0, 0, 0, 0, 0, 0, 0, 0, 0, 0, 0, 0, 0, 0, 0, 0, 
19, 2, SI25, 0, 0, 0, 0, 0, 0, 0, 0, 0, 0, 0, 0, 0, 0, 0, 0, 0, 0, 0, 0, 0, 0, 0, 0, 
19, 2, RxOnlyInitial, 2049, 0, 4175, 3450.35, 29, 11, 894, 0, 23, 0, 583, 82, 81, 2472, 13.45, 8.07, 722.8, 0, 24.38, 0, 886.95, 93.86, 107.85, 1592.99, 
19, 3, RxOnlyInitial, 348, 0, 1001, 726.48, 0, 0, 204, 0, 0, 0, 200, 0, 0, 597, 0, 0, 215.87, 0, 0, 0, 205.62, 0, 0, 304.99, 
19, 4, RxOnlyInitial, 163, 0, 618, 757.31, 50, 0, 157, 0, 0, 0, 407, 3, 1, 0, 300.62, 0, 157.85, 0, 0, 0, 287.62, 4.42, 6.8, 0, 
20, 6, Savanna, 90, 30, 129, 533.95, 2, 0, 70, 0, 0, 85, 2, 0, 0, 0, 39.87, 0, 488.17, 0, 0, 1.41, 4.5, 0, 0, 0, 
20, 1, RxOnlyInitial, 1111, 0, 2241, 1802.04, 79, 0, 394, 0, 0, 60, 27, 146, 97, 1438, 96.26, 0, 434.56, 0, 0, 3.2, 57.35, 89.01, 254.02, 867.64, 
20, 2, IT25, 0, 0, 0, 0, 0, 0, 0, 0, 0, 0, 0, 0, 0, 0, 0, 0, 0, 0, 0, 0, 0, 0, 0, 0, 
20, 2, RxOnlyInitial, 2064, 0, 4925, 4636.26, 81, 0, 1164, 0, 0, 14, 859, 48, 149, 2610, 173.91, 0, 1083.99, 0, 0, 3.26, 1338.94, 112.98, 386.18, 1537, 
20, 3, RxOnlyInitial, 345, 0, 1040, 1021.83, 24, 0, 271, 0, 0, 1, 199, 0, 25, 520, 74.07, 0, 348.3, 0, 0, 0.31, 217.56, 0, 86.72, 294.87, 
20, 4, RxOnlyInitial, 166, 0, 256, 176.55, 10, 0, 85, 0, 0, 1, 88, 34, 0, 38, 19.58, 0, 94.31, 0, 0, 0.33, 19.53, 17.4, 0, 25.4, 
21, 5, RxOnlyMaintenanceGrassland, 313, 427, 0, 1868.35, 3, 40, 0, 0, 0, 155, 11, 0, 65, 153, 48.29, 299.56, 0, 0, 0, 13.08, 39.82, 0, 1138.23, 329.37, 
21, 6, RxOnlyMaintenanceSavanna, 237, 288, 330, 3349.99, 49, 0, 75, 0, 0, 82, 12, 0, 116, 284, 253, 0, 126.93, 0, 0, 1.12, 90.29, 0, 2259.28, 619.37, 
21, 1, RxOnlyMaintenance, 976, 0, 1942, 1460.98, 116, 0, 279, 0, 0, 9, 223, 144, 33, 1138, 189.15, 0, 194.63, 0, 0, 1.66, 259.33, 97.13, 103.96, 615.12, 
21, 2, RxOnlyMaintenance, 1793, 0, 3777, 3674, 111, 0, 642, 0, 0, 47, 554, 51, 104, 2268, 154.48, 0, 565.97, 0, 0, 3.58, 930.08, 42.9, 291.72, 1685.27, 
21, 3, RxOnlyMaintenance, 312, 0, 953, 674.8, 0, 0, 295, 0, 0, 17, 182, 0, 0, 459, 0, 0, 216.33, 0, 0, 1.43, 188.95, 0, 0, 268.09, 
21, 4, RxOnlyMaintenance, 128, 0, 248, 566.440000000001, 26, 0, 50, 0, 0, 10, 50, 2, 37, 73, 95.06, 0, 37.27, 0, 0, 0.69, 113.65, 1.66, 276.67, 41.44, 
22, 5, RxOnlyMaintenanceGrassland, 101, 101, 0, 56.12, 0, 0, 0, 0, 0, 2, 0, 0, 0, 99, 0, 0, 0, 0, 0, 0, 0, 0, 0, 56.12, 
22, 6, RxOnlyMaintenanceSavanna, 236, 214, 319, 1269.19, 60, 0, 120, 0, 0, 0, 8, 0, 131, 214, 105.49, 0, 84.42, 0, 0, 0, 5.41, 0, 812.05, 261.82, 
22, 1, RxOnlyMaintenance, 962, 0, 1346, 980.94, 2, 1, 233, 0, 0, 12, 27, 284, 33, 754, 30.95, 0.23, 217.73, 0, 0, 0.19, 56.54, 213.1, 27.19, 435.01, 
22, 2, RxOnlyMaintenance, 1805, 0, 3894, 2971.68, 68, 0, 794, 0, 0, 14, 837, 136, 27, 2018, 224.81, 0, 685.92, 0, 0, 0.24, 857.2, 77.99, 176.75, 948.77, 
22, 3, RxOnlyMaintenance, 296, 0, 836, 671.49, 0, 0, 224, 0, 0, 0, 81, 0, 0, 531, 0, 0, 281.11, 0, 0, 0, 143.63, 0, 0, 246.75, 
22, 4, RxOnlyMaintenance, 134, 0, 274, 343.76, 14, 0, 106, 0, 0, 0, 88, 1, 4, 61, 66.47, 0, 78.24, 0, 0, 0, 154.44, 1.27, 14.01, 29.33, 
23, 5, RxOnlyMaintenanceGrassland, 73, 73, 0, 36.01, 0, 0, 0, 0, 0, 0, 0, 0, 0, 73, 0, 0, 0, 0, 0, 0, 0, 0, 0, 36.01, 
23, 6, RxOnlyMaintenanceSavanna, 239, 137, 364, 886.27, 60, 0, 150, 0, 0, 0, 8, 0, 146, 137, 30.66, 0, 54.08, 0, 0, 0, 1.46, 0, 618.8, 181.27, 
23, 1, RxOnlyMaintenance, 975, 0, 1613, 1416.73, 97, 1, 133, 0, 0, 5, 117, 251, 94, 915, 77.57, 22.61, 135.1, 0, 0, 0.08, 188.55, 144.41, 287.71, 560.7, 
23, 2, RxOnlyMaintenance, 1807, 0, 4349, 3532.85, 31, 0, 1124, 0, 0, 0, 599, 2, 31, 2562, 14.9, 0, 1258.02, 0, 0, 0, 851.6, 0.8, 41.12, 1366.41, 
23, 3, RxOnlyMaintenance, 298, 0, 1394, 939.82, 0, 0, 496, 0, 0, 0, 508, 0, 0, 390, 0, 0, 420.5, 0, 0, 0, 400.3, 0, 0, 119.02, 
23, 4, RxOnlyMaintenance, 134, 0, 251, 517.14, 22, 0, 40, 0, 0, 4, 29, 11, 7, 138, 228.07, 0, 37.21, 0, 0, 0.07, 66.72, 15.47, 76.85, 92.75, 
24, 5, RxOnlyMaintenanceGrassland, 58, 58, 0, 28.57, 0, 0, 0, 0, 0, 0, 0, 0, 0, 58, 0, 0, 0, 0, 0, 0, 0, 0, 0, 28.57, 
24, 6, RxOnlyMaintenanceSavanna, 240, 129, 377, 382.17, 60, 0, 162, 0, 0, 0, 8, 0, 147, 129, 15.03, 0, 30.3, 0, 0, 0, 1.36, 0, 196.41, 139.07, 
24, 1, RxOnlyMaintenance, 961, 0, 1843, 1416.43, 0, 0, 321, 0, 0, 0, 127, 108, 29, 1258, 0, 0, 322.98, 0, 0, 0, 231.16, 61.58, 52.05, 748.66, 
24, 2, RxOnlyMaintenance, 1794, 0, 4132, 3369.98, 7, 0, 979, 0, 0, 0, 645, 173, 25, 2303, 34.55, 0, 945.84, 0, 0, 0, 947.92, 71.33, 250.86, 1119.48, 
24, 3, RxOnlyMaintenance, 295, 0, 865, 437.17, 0, 0, 206, 0, 0, 0, 148, 0, 1, 510, 0, 0, 171.77, 0, 0, 0, 99.31, 0, 2.76, 163.33, 
24, 4, RxOnlyMaintenance, 133, 0, 235, 354.08, 13, 0, 32, 0, 0, 0, 16, 4, 9, 161, 88.68, 0, 34.2, 0, 0, 0, 16.69, 2.46, 124.2, 87.85, 
25, 5, RxOnlyMaintenanceGrassland, 47, 48, 0, 30.34, 0, 0, 0, 0, 0, 0, 1, 0, 0, 47, 0, 0, 0, 0, 0, 0, 3.18, 0, 0, 27.16, 
25, 6, RxOnlyMaintenanceSavanna, 238, 186, 361, 529.6, 79, 0, 127, 0, 0, 0, 8, 0, 147, 186, 219.78, 0, 18.93, 0, 0, 0, 1.41, 0, 88.7, 200.78, 
25, 1, RxOnlyMaintenance, 955, 0, 1824, 1301.35, 38, 0, 152, 0, 0, 1, 123, 32, 33, 1445, 82.82, 0, 87.75, 0, 0, 0.01, 244.17, 7.66, 121.05, 757.89, 
25, 2, RxOnlyMaintenance, 1804, 0, 4262, 3213.49, 2, 0, 1038, 0, 0, 0, 653, 3, 0, 2566, 11.2, 0, 993.48, 0, 0, 0, 746.31, 3.77, 0, 1458.73, 
25, 3, RxOnlyMaintenance, 295, 0, 722, 595.93, 3, 0, 220, 0, 0, 0, 203, 0, 1, 295, 12.75, 0, 171.29, 0, 0, 0, 233.1, 0, 19.61, 159.18, 
25, 4, RxOnlyMaintenance, 135, 0, 282, 470.54, 5, 0, 50, 0, 0, 8, 90, 13, 25, 91, 71.68, 0, 19.42, 0, 0, 0.08, 88.67, 21.35, 192.03, 77.31, 
26, 5, RxOnlyMaintenanceGrassland, 49, 49, 0, 23.25, 0, 1, 0, 0, 0, 6, 1, 0, 0, 41, 0, 0.43, 0, 0, 0, 2.5, 0.2, 0, 0, 20.12, 
26, 6, RxOnlyMaintenanceSavanna, 236, 88, 425, 1648.84, 79, 0, 155, 0, 0, 1, 14, 0, 176, 88, 70.14, 0, 58.53, 0, 0, 0.33, 57.67, 0, 1380.14, 82.03, 
26, 1, RxOnlyMaintenance, 956, 0, 1847, 1599.77, 106, 0, 248, 0, 0, 0, 30, 117, 34, 1312, 298.83, 0, 295.23, 0, 0, 0, 76.77, 55.84, 75.84, 797.26, 
26, 2, RxOnlyMaintenance, 1792, 0, 4022, 3411.89, 16, 1, 777, 0, 0, 0, 752, 64, 37, 2375, 155.73, 1.31, 582.86, 0, 0, 0, 1221.66, 45.68, 151.31, 1253.34, 
26, 3, RxOnlyMaintenance, 303, 0, 856, 564.86, 0, 0, 316, 0, 0, 0, 194, 0, 0, 346, 0, 0, 196.96, 0, 0, 0, 227.72, 0, 0, 140.18, 
26, 4, RxOnlyMaintenance, 141, 0, 229, 203.85, 6, 0, 72, 0, 0, 0, 23, 5, 0, 123, 47.69, 0, 46.75, 0, 0, 0, 31.09, 6.9, 0, 71.42, 
27, 5, RxOnlyMaintenanceGrassland, 57, 57, 0, 28.04, 1, 3, 0, 0, 0, 10, 0, 0, 8, 35, 0.46, 1.3, 0, 0, 0, 4.17, 0, 0, 3.88, 18.23, 
27, 6, RxOnlyMaintenanceSavanna, 236, 48, 430, 552.48, 79, 0, 137, 0, 0, 24, 15, 0, 176, 47, 36.42, 0, 39.91, 0, 0, 0.96, 6.83, 0, 437.06, 31.3, 
27, 1, RxOnlyMaintenance, 962, 0, 1267, 866.48, 1, 0, 294, 0, 0, 22, 10, 2, 2, 936, 15, 0, 265.42, 0, 0, 0.84, 19.5, 3.92, 28.68, 533.12, 
27, 2, RxOnlyMaintenance, 1789, 0, 3099, 3488.13, 17, 0, 1152, 0, 0, 46, 607, 7, 4, 1266, 178.83, 0, 1126.37, 0, 0, 7.73, 1310.15, 9.3, 130.08, 725.67, 
27, 3, RxOnlyMaintenance, 297, 0, 887, 755.84, 0, 0, 286, 0, 0, 1, 291, 0, 0, 309, 0, 0, 246.21, 0, 0, 0.2, 304.76, 0, 0, 204.67, 
27, 4, RxOnlyMaintenance, 128, 0, 311, 422.54, 5, 28, 24, 0, 0, 35, 37, 11, 2, 169, 2.32, 264.56, 8.12, 0, 0, 1.22, 35.06, 20.97, 15.44, 74.85, 
28, 5, RxOnlyMaintenanceGrassland, 26, 26, 0, 12.64, 0, 0, 0, 0, 0, 1, 0, 0, 0, 25, 0, 0, 0, 0, 0, 0.42, 0, 0, 0, 12.22, 
28, 6, RxOnlyMaintenanceSavanna, 242, 96, 392, 325.27, 79, 0, 123, 0, 0, 0, 14, 0, 176, 96, 28.78, 0, 14.7, 0, 0, 0, 3.89, 0, 187, 90.9, 
28, 1, RxOnlyMaintenance, 952, 0, 1467, 1504.84, 8, 3, 298, 0, 0, 10, 16, 163, 40, 929, 107.86, 1.03, 286.39, 0, 0, 0.27, 46.8, 69.3, 513.09, 480.1, 
28, 2, RxOnlyMaintenance, 1820, 0, 3890, 4378.84, 11, 0, 1021, 0, 0, 35, 986, 12, 4, 1821, 47.36, 0, 1018.76, 0, 0, 0.93, 2131.24, 19.4, 71.99, 1089.16, 
28, 3, RxOnlyMaintenance, 308, 0, 964, 506.07, 0, 0, 262, 0, 0, 0, 171, 0, 0, 531, 0, 0, 174.6, 0, 0, 0, 123.78, 0, 0, 207.69, 
28, 4, RxOnlyMaintenance, 153, 0, 391, 526.59, 8, 0, 108, 0, 0, 0, 138, 2, 2, 133, 183.14, 0, 79.02, 0, 0, 0, 131.12, 2.61, 37.73, 92.97, 
29, 5, RxOnlyMaintenanceGrassland, 21, 21, 0, 10.21, 0, 0, 0, 0, 0, 0, 0, 0, 0, 21, 0, 0, 0, 0, 0, 0, 0, 0, 0, 10.21, 
29, 6, RxOnlyMaintenanceSavanna, 240, 97, 400, 492.26, 82, 0, 123, 0, 0, 0, 15, 0, 181, 96, 47.29, 0, 10.96, 0, 0, 0, 8.75, 0, 322.04, 103.22, 
29, 1, RxOnlyMaintenance, 981, 0, 2136, 1808.77, 31, 0, 332, 0, 0, 0, 244, 34, 122, 1373, 78.13, 0, 215.24, 0, 0, 0, 497.92, 21.44, 439.64, 556.4, 
29, 2, RxOnlyMaintenance, 1825, 0, 3344, 3576.96, 3, 0, 1287, 0, 0, 0, 754, 2, 0, 1298, 34.22, 0, 1354.73, 0, 0, 0, 1532.83, 3.79, 0, 651.39, 
29, 3, RxOnlyMaintenance, 290, 0, 868, 983.39, 0, 0, 235, 0, 0, 0, 436, 0, 2, 195, 0, 0, 127, 0, 0, 0, 617.3, 0, 76.3, 162.79, 
29, 4, RxOnlyMaintenance, 172, 0, 318, 497.28, 2, 0, 33, 0, 0, 0, 73, 3, 4, 203, 44.34, 0, 12.53, 0, 0, 0, 181.26, 6.25, 175.02, 77.88, 
30, 5, RxOnlyMaintenanceGrassland, 21, 21, 0, 9.81, 0, 2, 0, 0, 0, 0, 1, 0, 0, 18, 0, 0.87, 0, 0, 0, 0, 0.2, 0, 0, 8.74, 
30, 6, RxOnlyMaintenanceSavanna, 237, 85, 415, 317.4, 82, 0, 144, 0, 0, 0, 14, 0, 175, 85, 28.69, 0, 52.35, 0, 0, 0, 3.37, 0, 128.74, 104.25, 
30, 1, RxOnlyMaintenance, 983, 0, 1355, 1403.99, 1, 0, 483, 0, 0, 0, 72, 31, 0, 768, 39.92, 0, 622.96, 0, 0, 0, 276.06, 81.31, 0, 383.74, 
30, 2, RxOnlyMaintenance, 1819, 0, 2722, 5054.59, 1, 0, 763, 0, 0, 0, 519, 36, 98, 1305, 19.04, 0, 937.46, 0, 0, 0, 2445.82, 77.46, 768.59, 806.22, 
30, 3, RxOnlyMaintenance, 297, 0, 748, 712.66, 0, 0, 193, 0, 0, 0, 264, 0, 0, 291, 0, 0, 138.23, 0, 0, 0, 401.23, 0, 0, 173.2, 
30, 4, RxOnlyMaintenance, 152, 0, 397, 386.64, 10, 91, 38, 74, 0, 0, 71, 1, 35, 77, 102.06, 7.68, 17.78, 2.22, 0, 0, 180.74, 1.56, 50.73, 23.87, 
